dataset,column_name,column_order,present_in_all_samples,observed_sample_type,observed_nonempty_values,observed_distinct_values_capped,per_file_observed_types,likely_semantic_type,primary_key_candidate,foreign_key_candidate,timestamp_or_date_candidate,status_category_reason_field,free_text_field,language_related_field,customer_identifier,transaction_identifier,interaction_identifier,complaint_identifier,agent_identifier,product_identifier
branches,branch_id,1,True,identifier,40,40,"{""branches.csv"": ""identifier""}",identifier,True,True,False,False,False,False,False,False,False,False,False,False
branches,branch_code,2,True,string,40,40,"{""branches.csv"": ""string""}",string,False,False,False,False,False,False,False,False,False,False,False,False
branches,branch_name,3,True,string,40,31,"{""branches.csv"": ""string""}",string,False,False,False,False,False,False,False,False,False,False,False,False
branches,branch_type,4,True,categorical,40,4,"{""branches.csv"": ""categorical""}",categorical,False,False,False,True,False,False,False,False,False,False,False,False
branches,address,5,True,string,40,40,"{""branches.csv"": ""string""}",string,False,False,False,False,False,False,False,False,False,False,False,False
branches,city,6,True,categorical,40,6,"{""branches.csv"": ""categorical""}",categorical,False,False,False,False,False,False,False,False,False,False,False,False
branches,state,7,True,categorical,40,6,"{""branches.csv"": ""categorical""}",categorical,False,False,False,True,False,False,False,False,False,False,False,False
branches,country,8,True,categorical,40,1,"{""branches.csv"": ""categorical""}",categorical,False,False,False,False,False,False,False,False,False,False,False,False
branches,postal_code,9,True,integer,40,6,"{""branches.csv"": ""integer""}",integer,False,False,False,False,False,False,False,False,False,False,False,False
branches,geographic_zone,10,True,categorical,40,1,"{""branches.csv"": ""categorical""}",categorical,False,False,False,False,False,False,False,False,False,False,False,False
branches,phone,11,True,string,40,40,"{""branches.csv"": ""string""}",string,False,False,False,False,False,False,False,False,False,False,False,False
branches,email,12,True,string,40,40,"{""branches.csv"": ""string""}",string,False,False,False,False,False,False,False,False,False,False,False,False
branches,opening_time,13,True,timestamp,40,4,"{""branches.csv"": ""timestamp""}",timestamp,False,False,True,False,False,False,False,False,False,False,False,False
branches,closing_time,14,True,timestamp,40,5,"{""branches.csv"": ""timestamp""}",timestamp,False,False,True,False,False,False,False,False,False,False,False,False
branches,has_atms,15,True,boolean,40,1,"{""branches.csv"": ""boolean""}",boolean,False,False,False,False,False,False,False,False,False,False,False,False
branches,atm_count,16,True,integer,40,7,"{""branches.csv"": ""integer""}",integer,False,False,False,False,False,False,False,False,False,False,False,False
branches,has_teller_windows,17,True,boolean,40,1,"{""branches.csv"": ""boolean""}",boolean,False,False,False,False,False,False,False,False,False,False,False,False
branches,teller_window_count,18,True,integer,40,10,"{""branches.csv"": ""integer""}",integer,False,False,False,False,False,False,False,False,False,False,False,False
branches,latitude,19,True,decimal,40,40,"{""branches.csv"": ""decimal""}",decimal,False,False,False,False,False,False,False,False,False,False,False,False
branches,longitude,20,True,decimal,40,40,"{""branches.csv"": ""decimal""}",decimal,False,False,False,False,False,False,False,False,False,False,False,False
branches,branch_opening_date,21,True,date,40,40,"{""branches.csv"": ""date""}",date,False,False,True,False,False,False,False,False,False,False,False,False
branches,branch_status,22,True,categorical,40,2,"{""branches.csv"": ""categorical""}",categorical,False,False,False,True,False,False,False,False,False,False,False,False
customers,customer_id,1,True,identifier,40,40,"{""customers.csv"": ""identifier""}",identifier,True,True,False,False,False,False,True,False,False,False,False,False
customers,document_number,2,True,identifier,40,40,"{""customers.csv"": ""identifier""}",identifier,True,True,False,False,False,False,False,False,False,False,False,False
customers,document_type,3,True,categorical,40,4,"{""customers.csv"": ""categorical""}",categorical,False,False,False,True,False,False,False,False,False,False,False,False
customers,first_name,4,True,string,40,37,"{""customers.csv"": ""string""}",string,False,False,False,False,False,False,False,False,False,False,False,False
customers,last_name,5,True,string,40,40,"{""customers.csv"": ""string""}",string,False,False,False,False,False,False,False,False,False,False,False,False
customers,date_of_birth,6,True,date,40,40,"{""customers.csv"": ""date""}",date,False,False,True,False,False,False,False,False,False,False,False,False
customers,gender,7,True,categorical,40,3,"{""customers.csv"": ""categorical""}",categorical,False,False,False,False,False,False,False,False,False,False,False,False
customers,email,8,True,string,40,40,"{""customers.csv"": ""string""}",string,False,False,False,False,False,False,False,False,False,False,False,False
customers,mobile_phone,9,True,string,38,38,"{""customers.csv"": ""string""}",string,False,False,False,False,False,False,False,False,False,False,False,False
customers,landline_phone,10,True,string,22,22,"{""customers.csv"": ""string""}",string,False,False,False,False,False,False,False,False,False,False,False,False
customers,address,11,True,string,40,40,"{""customers.csv"": ""string""}",string,False,False,False,False,False,False,False,False,False,False,False,False
customers,city,12,True,categorical,40,12,"{""customers.csv"": ""categorical""}",categorical,False,False,False,False,False,False,False,False,False,False,False,False
customers,state,13,True,categorical,40,12,"{""customers.csv"": ""categorical""}",categorical,False,False,False,True,False,False,False,False,False,False,False,False
customers,country,14,True,categorical,40,3,"{""customers.csv"": ""categorical""}",categorical,False,False,False,False,False,False,False,False,False,False,False,False
customers,postal_code,15,True,categorical,35,16,"{""customers.csv"": ""categorical""}",categorical,False,False,False,False,False,False,False,False,False,False,False,False
customers,detected_accent,16,True,categorical,30,3,"{""customers.csv"": ""categorical""}",categorical,False,False,False,False,False,False,False,False,False,False,False,False
customers,segment,17,True,categorical,40,4,"{""customers.csv"": ""categorical""}",categorical,False,False,False,False,False,False,False,False,False,False,False,False
customers,credit_score,18,True,decimal,30,29,"{""customers.csv"": ""decimal""}",decimal,False,False,False,False,False,False,False,False,False,False,False,False
customers,estimated_monthly_income,19,True,decimal,30,30,"{""customers.csv"": ""decimal""}",decimal,False,False,False,False,False,False,False,False,False,False,False,False
customers,occupation,20,True,categorical,36,17,"{""customers.csv"": ""categorical""}",categorical,False,False,False,False,False,False,False,False,False,False,False,False
customers,marital_status,21,True,categorical,37,4,"{""customers.csv"": ""categorical""}",categorical,False,False,False,True,False,False,False,False,False,False,False,False
customers,education_level,22,True,categorical,30,5,"{""customers.csv"": ""categorical""}",categorical,False,False,False,False,False,False,False,False,False,False,False,False
customers,registration_date,23,True,timestamp,40,40,"{""customers.csv"": ""timestamp""}",timestamp,False,False,True,False,False,False,False,False,False,False,False,False
customers,registration_branch_id,24,True,identifier,40,40,"{""customers.csv"": ""identifier""}",identifier,True,True,False,False,False,False,False,False,False,False,False,False
customers,customer_status,25,True,categorical,40,3,"{""customers.csv"": ""categorical""}",categorical,False,False,False,True,False,False,False,False,False,False,False,False
customers,last_updated,26,True,timestamp,40,40,"{""customers.csv"": ""timestamp""}",timestamp,False,False,True,False,False,False,False,False,False,False,False,False
customers,accepts_marketing,27,True,boolean,40,2,"{""customers.csv"": ""boolean""}",boolean,False,False,False,False,False,False,False,False,False,False,False,False
daily_exchange_rates,date,1,True,date,40,4,"{""daily_exchange_rates.csv"": ""date""}",date,False,False,True,False,False,False,False,False,False,False,False,False
daily_exchange_rates,source_currency,2,True,categorical,40,4,"{""daily_exchange_rates.csv"": ""categorical""}",categorical,False,False,False,False,False,False,False,False,False,False,False,False
daily_exchange_rates,target_currency,3,True,categorical,40,4,"{""daily_exchange_rates.csv"": ""categorical""}",categorical,False,False,False,False,False,False,False,False,False,False,False,False
daily_exchange_rates,exchange_rate,4,True,decimal,40,40,"{""daily_exchange_rates.csv"": ""decimal""}",decimal,False,False,False,False,False,False,False,False,False,False,False,False
daily_exchange_rates,buy_rate,5,True,decimal,40,40,"{""daily_exchange_rates.csv"": ""decimal""}",decimal,False,False,False,False,False,False,False,False,False,False,False,False
daily_exchange_rates,sell_rate,6,True,decimal,40,39,"{""daily_exchange_rates.csv"": ""decimal""}",decimal,False,False,False,False,False,False,False,False,False,False,False,False
daily_exchange_rates,source,7,True,categorical,40,4,"{""daily_exchange_rates.csv"": ""categorical""}",categorical,False,False,False,False,False,False,False,False,False,False,False,False
marketing_campaigns,campaign_id,1,True,identifier,40,40,"{""marketing_campaigns.csv"": ""identifier""}",identifier,True,True,False,False,False,False,False,False,False,False,False,False
marketing_campaigns,campaign_name,2,True,string,40,40,"{""marketing_campaigns.csv"": ""string""}",string,False,False,False,False,False,False,False,False,False,False,False,False
marketing_campaigns,description,3,True,string,33,24,"{""marketing_campaigns.csv"": ""string""}",string,False,False,False,False,True,False,False,False,False,False,False,False
marketing_campaigns,campaign_type,4,True,categorical,40,6,"{""marketing_campaigns.csv"": ""categorical""}",categorical,False,False,False,True,False,False,False,False,False,False,False,False
marketing_campaigns,campaign_objective,5,True,categorical,40,5,"{""marketing_campaigns.csv"": ""categorical""}",categorical,False,False,False,False,False,False,False,False,False,False,False,False
marketing_campaigns,promoted_product,6,True,categorical,36,7,"{""marketing_campaigns.csv"": ""categorical""}",categorical,False,False,False,False,False,False,False,False,False,False,False,False
marketing_campaigns,target_segment,7,True,categorical,27,4,"{""marketing_campaigns.csv"": ""categorical""}",categorical,False,False,False,False,False,False,False,False,False,False,False,False
marketing_campaigns,target_country,8,True,categorical,19,3,"{""marketing_campaigns.csv"": ""categorical""}",categorical,False,False,False,False,False,False,False,False,False,False,False,False
marketing_campaigns,start_date,9,True,date,40,40,"{""marketing_campaigns.csv"": ""date""}",date,False,False,True,False,False,False,False,False,False,False,False,False
marketing_campaigns,end_date,10,True,date,40,38,"{""marketing_campaigns.csv"": ""date""}",date,False,False,True,False,False,False,False,False,False,False,False,False
marketing_campaigns,budget,11,True,decimal,34,34,"{""marketing_campaigns.csv"": ""decimal""}",decimal,False,False,False,False,False,False,False,False,False,False,False,False
marketing_campaigns,campaign_status,12,True,categorical,40,2,"{""marketing_campaigns.csv"": ""categorical""}",categorical,False,False,False,True,False,False,False,False,False,False,False,False
marketing_campaigns,expected_conversion_rate,13,True,decimal,36,35,"{""marketing_campaigns.csv"": ""decimal""}",decimal,False,False,False,False,False,False,False,False,False,False,False,False
products,product_id,1,True,identifier,40,40,"{""products.csv"": ""identifier""}",identifier,True,True,False,False,False,False,False,False,False,False,False,True
products,customer_id,2,True,identifier,40,40,"{""products.csv"": ""identifier""}",identifier,True,True,False,False,False,False,True,False,False,False,False,False
products,product_type,3,True,categorical,40,7,"{""products.csv"": ""categorical""}",categorical,False,False,False,True,False,False,False,False,False,False,False,False
products,product_number,4,True,identifier,40,40,"{""products.csv"": ""identifier""}",identifier,True,True,False,False,False,False,False,False,False,False,False,True
products,currency,5,True,categorical,40,3,"{""products.csv"": ""categorical""}",categorical,False,False,False,False,False,False,False,False,False,False,False,False
products,current_balance,6,True,decimal,40,40,"{""products.csv"": ""decimal""}",decimal,False,False,False,False,False,False,False,False,False,False,False,False
products,credit_limit,7,True,decimal,14,14,"{""products.csv"": ""decimal""}",decimal,False,False,False,False,False,False,False,False,False,False,False,False
products,interest_rate,8,True,decimal,36,31,"{""products.csv"": ""decimal""}",decimal,False,False,False,False,False,False,False,False,False,False,False,False
products,opening_date,9,True,date,40,40,"{""products.csv"": ""date""}",date,False,False,True,False,False,False,False,False,False,False,False,False
products,expiration_date,10,True,date,14,14,"{""products.csv"": ""date""}",date,False,False,True,False,False,False,False,False,False,False,False,False
products,opening_branch_id,11,True,identifier,40,37,"{""products.csv"": ""identifier""}",identifier,True,True,False,False,False,False,False,False,False,False,False,False
products,product_status,12,True,categorical,40,3,"{""products.csv"": ""categorical""}",categorical,False,False,False,True,False,False,False,False,False,False,False,False
products,opening_channel,13,True,categorical,40,4,"{""products.csv"": ""categorical""}",categorical,False,False,False,False,False,False,False,False,False,False,False,False
products,has_linked_app,14,True,boolean,40,2,"{""products.csv"": ""boolean""}",boolean,False,False,False,False,False,False,False,False,False,False,False,False
products,days_past_due,15,True,decimal,13,1,"{""products.csv"": ""decimal""}",decimal,False,False,False,False,False,False,False,False,False,False,False,False
products,last_transaction_date,16,True,timestamp,31,31,"{""products.csv"": ""timestamp""}",timestamp,False,False,True,False,False,False,False,False,False,False,False,False
products,last_updated,17,True,timestamp,40,40,"{""products.csv"": ""timestamp""}",timestamp,False,False,True,False,False,False,False,False,False,False,False,False
service_agents,agent_id,1,True,identifier,40,40,"{""service_agents.csv"": ""identifier""}",identifier,True,True,False,False,False,False,False,False,False,False,True,False
service_agents,employee_code,2,True,string,40,40,"{""service_agents.csv"": ""string""}",string,False,False,False,False,False,False,False,False,False,False,False,False
service_agents,first_name,3,True,string,40,34,"{""service_agents.csv"": ""string""}",string,False,False,False,False,False,False,False,False,False,False,False,False
service_agents,last_name,4,True,string,40,40,"{""service_agents.csv"": ""string""}",string,False,False,False,False,False,False,False,False,False,False,False,False
service_agents,email,5,True,string,40,40,"{""service_agents.csv"": ""string""}",string,False,False,False,False,False,False,False,False,False,False,False,False
service_agents,phone,6,True,string,39,39,"{""service_agents.csv"": ""string""}",string,False,False,False,False,False,False,False,False,False,False,False,False
service_agents,native_accent,7,True,categorical,40,1,"{""service_agents.csv"": ""categorical""}",categorical,False,False,False,False,False,False,False,False,False,False,False,False
service_agents,country_of_origin,8,True,categorical,40,1,"{""service_agents.csv"": ""categorical""}",categorical,False,False,False,False,False,False,False,False,False,False,False,False
service_agents,assigned_branch_id,9,True,identifier,28,28,"{""service_agents.csv"": ""identifier""}",identifier,True,True,False,False,False,False,False,False,False,False,False,False
service_agents,agent_type,10,True,categorical,40,4,"{""service_agents.csv"": ""categorical""}",categorical,False,False,False,True,False,False,False,False,False,False,False,False
service_agents,experience_level,11,True,categorical,40,4,"{""service_agents.csv"": ""categorical""}",categorical,False,False,False,False,False,False,False,False,False,False,False,False
service_agents,languages,12,True,categorical,40,4,"{""service_agents.csv"": ""categorical""}",categorical,False,False,False,False,False,True,False,False,False,False,False,False
service_agents,specialty,13,True,categorical,24,8,"{""service_agents.csv"": ""categorical""}",categorical,False,False,False,False,False,False,False,False,False,False,False,False
service_agents,hire_date,14,True,date,40,40,"{""service_agents.csv"": ""date""}",date,False,False,True,False,False,False,False,False,False,False,False,False
service_agents,avg_csat,15,True,decimal,38,35,"{""service_agents.csv"": ""decimal""}",decimal,False,False,False,False,False,False,False,False,False,False,False,False
service_agents,total_monthly_interactions,16,True,decimal,38,37,"{""service_agents.csv"": ""decimal""}",decimal,False,False,False,False,False,False,False,False,False,False,False,False
service_agents,agent_status,17,True,categorical,40,2,"{""service_agents.csv"": ""categorical""}",categorical,False,False,False,True,False,False,False,False,False,False,False,False
service_agents,work_shift,18,True,categorical,40,4,"{""service_agents.csv"": ""categorical""}",categorical,False,False,False,False,False,False,False,False,False,False,False,False
call_center_interactions,interaction_id,1,True,identifier,120,100,"{""call_center_interactions/year=2023/month=06/day=17/call_center_interactions_20230617.csv"": ""identifier"", ""call_center_interactions/year=2024/month=12/day=16/call_center_interactions_20241216.csv"": ""identifier"", ""call_center_interactions/year=2026/month=06/day=17/call_center_interactions_20260617.csv"": ""identifier""}",identifier,True,True,False,False,False,False,False,False,True,False,False,False
call_center_interactions,interaction_date,2,True,timestamp,120,100,"{""call_center_interactions/year=2023/month=06/day=17/call_center_interactions_20230617.csv"": ""timestamp"", ""call_center_interactions/year=2024/month=12/day=16/call_center_interactions_20241216.csv"": ""timestamp"", ""call_center_interactions/year=2026/month=06/day=17/call_center_interactions_20260617.csv"": ""timestamp""}",timestamp,False,False,True,False,False,False,False,False,False,False,False,False
call_center_interactions,process_date,3,True,date,120,3,"{""call_center_interactions/year=2023/month=06/day=17/call_center_interactions_20230617.csv"": ""date"", ""call_center_interactions/year=2024/month=12/day=16/call_center_interactions_20241216.csv"": ""date"", ""call_center_interactions/year=2026/month=06/day=17/call_center_interactions_20260617.csv"": ""date""}",date,False,False,True,False,False,False,False,False,False,False,False,False
call_center_interactions,customer_id,4,True,identifier,120,100,"{""call_center_interactions/year=2023/month=06/day=17/call_center_interactions_20230617.csv"": ""identifier"", ""call_center_interactions/year=2024/month=12/day=16/call_center_interactions_20241216.csv"": ""identifier"", ""call_center_interactions/year=2026/month=06/day=17/call_center_interactions_20260617.csv"": ""identifier""}",identifier,True,True,False,False,False,False,True,False,False,False,False,False
call_center_interactions,agent_id,5,True,identifier,120,100,"{""call_center_interactions/year=2023/month=06/day=17/call_center_interactions_20230617.csv"": ""identifier"", ""call_center_interactions/year=2024/month=12/day=16/call_center_interactions_20241216.csv"": ""identifier"", ""call_center_interactions/year=2026/month=06/day=17/call_center_interactions_20260617.csv"": ""identifier""}",identifier,True,True,False,False,False,False,False,False,False,False,True,False
call_center_interactions,interaction_type,6,True,categorical,120,5,"{""call_center_interactions/year=2023/month=06/day=17/call_center_interactions_20230617.csv"": ""categorical"", ""call_center_interactions/year=2024/month=12/day=16/call_center_interactions_20241216.csv"": ""categorical"", ""call_center_interactions/year=2026/month=06/day=17/call_center_interactions_20260617.csv"": ""categorical""}",categorical,False,False,False,True,False,False,False,False,False,False,False,False
call_center_interactions,channel,7,True,categorical,120,5,"{""call_center_interactions/year=2023/month=06/day=17/call_center_interactions_20230617.csv"": ""categorical"", ""call_center_interactions/year=2024/month=12/day=16/call_center_interactions_20241216.csv"": ""categorical"", ""call_center_interactions/year=2026/month=06/day=17/call_center_interactions_20260617.csv"": ""categorical""}",categorical,False,False,False,False,False,False,False,False,False,False,False,False
call_center_interactions,contact_reason,8,True,categorical,120,6,"{""call_center_interactions/year=2023/month=06/day=17/call_center_interactions_20230617.csv"": ""categorical"", ""call_center_interactions/year=2024/month=12/day=16/call_center_interactions_20241216.csv"": ""categorical"", ""call_center_interactions/year=2026/month=06/day=17/call_center_interactions_20260617.csv"": ""categorical""}",categorical,False,False,False,True,False,False,False,False,False,False,False,False
call_center_interactions,reason_category,9,True,categorical,120,6,"{""call_center_interactions/year=2023/month=06/day=17/call_center_interactions_20230617.csv"": ""categorical"", ""call_center_interactions/year=2024/month=12/day=16/call_center_interactions_20241216.csv"": ""categorical"", ""call_center_interactions/year=2026/month=06/day=17/call_center_interactions_20260617.csv"": ""categorical""}",categorical,False,False,False,True,False,False,False,False,False,False,False,False
call_center_interactions,duration_seconds,10,True,decimal,108,100,"{""call_center_interactions/year=2023/month=06/day=17/call_center_interactions_20230617.csv"": ""decimal"", ""call_center_interactions/year=2024/month=12/day=16/call_center_interactions_20241216.csv"": ""decimal"", ""call_center_interactions/year=2026/month=06/day=17/call_center_interactions_20260617.csv"": ""decimal""}",decimal,False,False,False,False,False,False,False,False,False,False,False,False
call_center_interactions,wait_time_seconds,11,True,timestamp,92,70,"{""call_center_interactions/year=2023/month=06/day=17/call_center_interactions_20230617.csv"": ""timestamp"", ""call_center_interactions/year=2024/month=12/day=16/call_center_interactions_20241216.csv"": ""timestamp"", ""call_center_interactions/year=2026/month=06/day=17/call_center_interactions_20260617.csv"": ""timestamp""}",timestamp,False,False,False,False,False,False,False,False,False,False,False,False
call_center_interactions,was_resolved,12,True,timestamp,120,2,"{""call_center_interactions/year=2023/month=06/day=17/call_center_interactions_20230617.csv"": ""timestamp"", ""call_center_interactions/year=2024/month=12/day=16/call_center_interactions_20241216.csv"": ""timestamp"", ""call_center_interactions/year=2026/month=06/day=17/call_center_interactions_20260617.csv"": ""timestamp""}",timestamp,False,False,False,False,False,False,False,False,False,False,False,False
call_center_interactions,requires_followup,13,True,boolean,120,2,"{""call_center_interactions/year=2023/month=06/day=17/call_center_interactions_20230617.csv"": ""boolean"", ""call_center_interactions/year=2024/month=12/day=16/call_center_interactions_20241216.csv"": ""boolean"", ""call_center_interactions/year=2026/month=06/day=17/call_center_interactions_20260617.csv"": ""boolean""}",boolean,False,False,False,False,False,False,False,False,False,False,False,False
call_center_interactions,detected_sentiment,14,True,categorical,120,5,"{""call_center_interactions/year=2023/month=06/day=17/call_center_interactions_20230617.csv"": ""categorical"", ""call_center_interactions/year=2024/month=12/day=16/call_center_interactions_20241216.csv"": ""categorical"", ""call_center_interactions/year=2026/month=06/day=17/call_center_interactions_20260617.csv"": ""categorical""}",categorical,False,False,False,False,False,False,False,False,False,False,False,False
call_center_interactions,sentiment_score,15,True,decimal,120,74,"{""call_center_interactions/year=2023/month=06/day=17/call_center_interactions_20230617.csv"": ""decimal"", ""call_center_interactions/year=2024/month=12/day=16/call_center_interactions_20241216.csv"": ""decimal"", ""call_center_interactions/year=2026/month=06/day=17/call_center_interactions_20260617.csv"": ""decimal""}",decimal,False,False,False,False,False,False,False,False,False,False,False,False
call_center_interactions,customer_detected_accent,16,True,categorical,83,3,"{""call_center_interactions/year=2023/month=06/day=17/call_center_interactions_20230617.csv"": ""categorical"", ""call_center_interactions/year=2024/month=12/day=16/call_center_interactions_20241216.csv"": ""categorical"", ""call_center_interactions/year=2026/month=06/day=17/call_center_interactions_20260617.csv"": ""categorical""}",categorical,False,False,False,False,False,False,False,False,False,False,False,False
call_center_interactions,agent_used_accent,17,True,categorical,83,3,"{""call_center_interactions/year=2023/month=06/day=17/call_center_interactions_20230617.csv"": ""categorical"", ""call_center_interactions/year=2024/month=12/day=16/call_center_interactions_20241216.csv"": ""categorical"", ""call_center_interactions/year=2026/month=06/day=17/call_center_interactions_20260617.csv"": ""categorical""}",categorical,False,False,False,False,False,False,False,False,False,False,False,False
call_center_interactions,was_escalated,18,True,boolean,120,2,"{""call_center_interactions/year=2023/month=06/day=17/call_center_interactions_20230617.csv"": ""boolean"", ""call_center_interactions/year=2024/month=12/day=16/call_center_interactions_20241216.csv"": ""boolean"", ""call_center_interactions/year=2026/month=06/day=17/call_center_interactions_20260617.csv"": ""boolean""}",boolean,False,False,False,False,False,False,False,False,False,False,False,False
call_center_interactions,mentioned_products,19,True,string,53,53,"{""call_center_interactions/year=2023/month=06/day=17/call_center_interactions_20230617.csv"": ""categorical"", ""call_center_interactions/year=2024/month=12/day=16/call_center_interactions_20241216.csv"": ""categorical"", ""call_center_interactions/year=2026/month=06/day=17/call_center_interactions_20260617.csv"": ""string""}",string,False,False,False,False,False,False,False,False,False,False,False,False
call_center_interactions,has_transcript,20,True,boolean,120,2,"{""call_center_interactions/year=2023/month=06/day=17/call_center_interactions_20230617.csv"": ""boolean"", ""call_center_interactions/year=2024/month=12/day=16/call_center_interactions_20241216.csv"": ""boolean"", ""call_center_interactions/year=2026/month=06/day=17/call_center_interactions_20260617.csv"": ""boolean""}",boolean,False,False,False,False,False,False,False,False,False,False,False,False
call_center_interactions,has_recording,21,True,boolean,120,2,"{""call_center_interactions/year=2023/month=06/day=17/call_center_interactions_20230617.csv"": ""boolean"", ""call_center_interactions/year=2024/month=12/day=16/call_center_interactions_20241216.csv"": ""boolean"", ""call_center_interactions/year=2026/month=06/day=17/call_center_interactions_20260617.csv"": ""boolean""}",boolean,False,False,False,False,False,False,False,False,False,False,False,False
call_transcripts,transcript_id,1,True,identifier,120,100,"{""call_transcripts/year=2023/month=06/day=17/call_transcripts_20230617.csv"": ""identifier"", ""call_transcripts/year=2024/month=12/day=16/call_transcripts_20241216.csv"": ""identifier"", ""call_transcripts/year=2026/month=06/day=17/call_transcripts_20260617.csv"": ""identifier""}",identifier,True,True,False,False,False,False,False,False,False,False,False,False
call_transcripts,interaction_id,2,True,identifier,120,100,"{""call_transcripts/year=2023/month=06/day=17/call_transcripts_20230617.csv"": ""identifier"", ""call_transcripts/year=2024/month=12/day=16/call_transcripts_20241216.csv"": ""identifier"", ""call_transcripts/year=2026/month=06/day=17/call_transcripts_20260617.csv"": ""identifier""}",identifier,True,True,False,False,False,False,False,False,True,False,False,False
call_transcripts,process_date,3,True,date,120,3,"{""call_transcripts/year=2023/month=06/day=17/call_transcripts_20230617.csv"": ""date"", ""call_transcripts/year=2024/month=12/day=16/call_transcripts_20241216.csv"": ""date"", ""call_transcripts/year=2026/month=06/day=17/call_transcripts_20260617.csv"": ""date""}",date,False,False,True,False,False,False,False,False,False,False,False,False
call_transcripts,customer_id,4,True,identifier,120,100,"{""call_transcripts/year=2023/month=06/day=17/call_transcripts_20230617.csv"": ""identifier"", ""call_transcripts/year=2024/month=12/day=16/call_transcripts_20241216.csv"": ""identifier"", ""call_transcripts/year=2026/month=06/day=17/call_transcripts_20260617.csv"": ""identifier""}",identifier,True,True,False,False,False,False,True,False,False,False,False,False
call_transcripts,agent_id,5,True,identifier,120,100,"{""call_transcripts/year=2023/month=06/day=17/call_transcripts_20230617.csv"": ""identifier"", ""call_transcripts/year=2024/month=12/day=16/call_transcripts_20241216.csv"": ""identifier"", ""call_transcripts/year=2026/month=06/day=17/call_transcripts_20260617.csv"": ""identifier""}",identifier,True,True,False,False,False,False,False,False,False,False,True,False
call_transcripts,full_text,6,True,string,120,48,"{""call_transcripts/year=2023/month=06/day=17/call_transcripts_20230617.csv"": ""string"", ""call_transcripts/year=2024/month=12/day=16/call_transcripts_20241216.csv"": ""string"", ""call_transcripts/year=2026/month=06/day=17/call_transcripts_20260617.csv"": ""string""}",string,False,False,False,False,True,False,False,False,False,False,False,False
call_transcripts,customer_text,7,True,string,120,32,"{""call_transcripts/year=2023/month=06/day=17/call_transcripts_20230617.csv"": ""string"", ""call_transcripts/year=2024/month=12/day=16/call_transcripts_20241216.csv"": ""string"", ""call_transcripts/year=2026/month=06/day=17/call_transcripts_20260617.csv"": ""string""}",string,False,False,False,False,True,False,False,False,False,False,False,False
call_transcripts,agent_text,8,True,string,120,30,"{""call_transcripts/year=2023/month=06/day=17/call_transcripts_20230617.csv"": ""string"", ""call_transcripts/year=2024/month=12/day=16/call_transcripts_20241216.csv"": ""string"", ""call_transcripts/year=2026/month=06/day=17/call_transcripts_20260617.csv"": ""string""}",string,False,False,False,False,True,False,False,False,False,False,False,False
call_transcripts,detected_language,9,True,categorical,120,1,"{""call_transcripts/year=2023/month=06/day=17/call_transcripts_20230617.csv"": ""categorical"", ""call_transcripts/year=2024/month=12/day=16/call_transcripts_20241216.csv"": ""categorical"", ""call_transcripts/year=2026/month=06/day=17/call_transcripts_20260617.csv"": ""categorical""}",categorical,False,False,False,False,False,True,False,False,False,False,False,False
call_transcripts,detected_accent,10,True,categorical,73,3,"{""call_transcripts/year=2023/month=06/day=17/call_transcripts_20230617.csv"": ""categorical"", ""call_transcripts/year=2024/month=12/day=16/call_transcripts_20241216.csv"": ""categorical"", ""call_transcripts/year=2026/month=06/day=17/call_transcripts_20260617.csv"": ""categorical""}",categorical,False,False,False,False,False,False,False,False,False,False,False,False
call_transcripts,accent_confidence,11,True,decimal,109,24,"{""call_transcripts/year=2023/month=06/day=17/call_transcripts_20230617.csv"": ""decimal"", ""call_transcripts/year=2024/month=12/day=16/call_transcripts_20241216.csv"": ""decimal"", ""call_transcripts/year=2026/month=06/day=17/call_transcripts_20260617.csv"": ""decimal""}",decimal,False,False,False,False,False,False,False,False,False,False,False,False
call_transcripts,detected_keywords,12,True,categorical,115,12,"{""call_transcripts/year=2023/month=06/day=17/call_transcripts_20230617.csv"": ""categorical"", ""call_transcripts/year=2024/month=12/day=16/call_transcripts_20241216.csv"": ""categorical"", ""call_transcripts/year=2026/month=06/day=17/call_transcripts_20260617.csv"": ""categorical""}",categorical,False,False,False,False,False,False,False,False,False,False,False,False
call_transcripts,mentioned_entities,13,True,string,109,50,"{""call_transcripts/year=2023/month=06/day=17/call_transcripts_20230617.csv"": ""string"", ""call_transcripts/year=2024/month=12/day=16/call_transcripts_20241216.csv"": ""string"", ""call_transcripts/year=2026/month=06/day=17/call_transcripts_20260617.csv"": ""string""}",string,False,False,False,False,False,False,False,False,False,False,False,False
call_transcripts,detected_intents,14,True,categorical,114,1,"{""call_transcripts/year=2023/month=06/day=17/call_transcripts_20230617.csv"": ""categorical"", ""call_transcripts/year=2024/month=12/day=16/call_transcripts_20241216.csv"": ""categorical"", ""call_transcripts/year=2026/month=06/day=17/call_transcripts_20260617.csv"": ""categorical""}",categorical,False,False,False,False,False,False,False,False,False,False,False,False
call_transcripts,main_topics,15,True,categorical,120,6,"{""call_transcripts/year=2023/month=06/day=17/call_transcripts_20230617.csv"": ""categorical"", ""call_transcripts/year=2024/month=12/day=16/call_transcripts_20241216.csv"": ""categorical"", ""call_transcripts/year=2026/month=06/day=17/call_transcripts_20260617.csv"": ""categorical""}",categorical,False,False,False,False,False,False,False,False,False,False,False,False
call_transcripts,transcription_model,16,True,string,120,4,"{""call_transcripts/year=2023/month=06/day=17/call_transcripts_20230617.csv"": ""string"", ""call_transcripts/year=2024/month=12/day=16/call_transcripts_20241216.csv"": ""string"", ""call_transcripts/year=2026/month=06/day=17/call_transcripts_20260617.csv"": ""string""}",string,False,False,False,False,True,False,False,False,False,False,False,False
call_transcripts,audio_quality,17,True,categorical,115,3,"{""call_transcripts/year=2023/month=06/day=17/call_transcripts_20230617.csv"": ""categorical"", ""call_transcripts/year=2024/month=12/day=16/call_transcripts_20241216.csv"": ""categorical"", ""call_transcripts/year=2026/month=06/day=17/call_transcripts_20260617.csv"": ""categorical""}",categorical,False,False,False,False,False,False,False,False,False,False,False,False
call_transcripts,duration_seconds,18,True,decimal,105,93,"{""call_transcripts/year=2023/month=06/day=17/call_transcripts_20230617.csv"": ""decimal"", ""call_transcripts/year=2024/month=12/day=16/call_transcripts_20241216.csv"": ""decimal"", ""call_transcripts/year=2026/month=06/day=17/call_transcripts_20260617.csv"": ""decimal""}",decimal,False,False,False,False,False,False,False,False,False,False,False,False
campaign_sends,send_id,1,True,identifier,120,100,"{""campaign_sends/year=2023/month=07/day=01/campaign_sends_20230701.csv"": ""identifier"", ""campaign_sends/year=2024/month=12/day=23/campaign_sends_20241223.csv"": ""identifier"", ""campaign_sends/year=2026/month=06/day=17/campaign_sends_20260617.csv"": ""identifier""}",identifier,True,True,False,False,False,False,False,False,False,False,False,False
campaign_sends,send_date,2,True,timestamp,120,100,"{""campaign_sends/year=2023/month=07/day=01/campaign_sends_20230701.csv"": ""timestamp"", ""campaign_sends/year=2024/month=12/day=23/campaign_sends_20241223.csv"": ""timestamp"", ""campaign_sends/year=2026/month=06/day=17/campaign_sends_20260617.csv"": ""timestamp""}",timestamp,False,False,True,False,False,False,False,False,False,False,False,False
campaign_sends,process_date,3,True,date,120,3,"{""campaign_sends/year=2023/month=07/day=01/campaign_sends_20230701.csv"": ""date"", ""campaign_sends/year=2024/month=12/day=23/campaign_sends_20241223.csv"": ""date"", ""campaign_sends/year=2026/month=06/day=17/campaign_sends_20260617.csv"": ""date""}",date,False,False,True,False,False,False,False,False,False,False,False,False
campaign_sends,campaign_id,4,True,identifier,120,19,"{""campaign_sends/year=2023/month=07/day=01/campaign_sends_20230701.csv"": ""identifier"", ""campaign_sends/year=2024/month=12/day=23/campaign_sends_20241223.csv"": ""identifier"", ""campaign_sends/year=2026/month=06/day=17/campaign_sends_20260617.csv"": ""identifier""}",identifier,True,True,False,False,False,False,False,False,False,False,False,False
campaign_sends,customer_id,5,True,identifier,120,100,"{""campaign_sends/year=2023/month=07/day=01/campaign_sends_20230701.csv"": ""identifier"", ""campaign_sends/year=2024/month=12/day=23/campaign_sends_20241223.csv"": ""identifier"", ""campaign_sends/year=2026/month=06/day=17/campaign_sends_20260617.csv"": ""identifier""}",identifier,True,True,False,False,False,False,True,False,False,False,False,False
campaign_sends,send_channel,6,True,categorical,120,5,"{""campaign_sends/year=2023/month=07/day=01/campaign_sends_20230701.csv"": ""categorical"", ""campaign_sends/year=2024/month=12/day=23/campaign_sends_20241223.csv"": ""categorical"", ""campaign_sends/year=2026/month=06/day=17/campaign_sends_20260617.csv"": ""categorical""}",categorical,False,False,False,False,False,False,False,False,False,False,False,False
campaign_sends,template_used,7,True,string,113,55,"{""campaign_sends/year=2023/month=07/day=01/campaign_sends_20230701.csv"": ""categorical"", ""campaign_sends/year=2024/month=12/day=23/campaign_sends_20241223.csv"": ""string"", ""campaign_sends/year=2026/month=06/day=17/campaign_sends_20260617.csv"": ""categorical""}",string,False,False,False,False,False,False,False,False,False,False,False,False
campaign_sends,subject,8,True,string,51,5,"{""campaign_sends/year=2023/month=07/day=01/campaign_sends_20230701.csv"": ""string"", ""campaign_sends/year=2024/month=12/day=23/campaign_sends_20241223.csv"": ""string"", ""campaign_sends/year=2026/month=06/day=17/campaign_sends_20260617.csv"": ""string""}",string,False,False,False,False,True,False,False,False,False,False,False,False
campaign_sends,send_status,9,True,categorical,120,3,"{""campaign_sends/year=2023/month=07/day=01/campaign_sends_20230701.csv"": ""categorical"", ""campaign_sends/year=2024/month=12/day=23/campaign_sends_20241223.csv"": ""categorical"", ""campaign_sends/year=2026/month=06/day=17/campaign_sends_20260617.csv"": ""categorical""}",categorical,False,False,False,True,False,False,False,False,False,False,False,False
campaign_sends,was_delivered,10,True,boolean,120,2,"{""campaign_sends/year=2023/month=07/day=01/campaign_sends_20230701.csv"": ""boolean"", ""campaign_sends/year=2024/month=12/day=23/campaign_sends_20241223.csv"": ""boolean"", ""campaign_sends/year=2026/month=06/day=17/campaign_sends_20260617.csv"": ""boolean""}",boolean,False,False,False,False,False,False,False,False,False,False,False,False
campaign_sends,was_opened,11,True,timestamp,89,2,"{""campaign_sends/year=2023/month=07/day=01/campaign_sends_20230701.csv"": ""timestamp"", ""campaign_sends/year=2024/month=12/day=23/campaign_sends_20241223.csv"": ""timestamp"", ""campaign_sends/year=2026/month=06/day=17/campaign_sends_20260617.csv"": ""timestamp""}",timestamp,False,False,False,False,False,False,False,False,False,False,False,False
campaign_sends,open_date,12,True,timestamp,31,31,"{""campaign_sends/year=2023/month=07/day=01/campaign_sends_20230701.csv"": ""timestamp"", ""campaign_sends/year=2024/month=12/day=23/campaign_sends_20241223.csv"": ""timestamp"", ""campaign_sends/year=2026/month=06/day=17/campaign_sends_20260617.csv"": ""timestamp""}",timestamp,False,False,True,False,False,False,False,False,False,False,False,False
campaign_sends,was_clicked,13,True,boolean,120,2,"{""campaign_sends/year=2023/month=07/day=01/campaign_sends_20230701.csv"": ""boolean"", ""campaign_sends/year=2024/month=12/day=23/campaign_sends_20241223.csv"": ""boolean"", ""campaign_sends/year=2026/month=06/day=17/campaign_sends_20260617.csv"": ""boolean""}",boolean,False,False,False,False,False,False,False,False,False,False,False,False
campaign_sends,click_date,14,True,timestamp,5,5,"{""campaign_sends/year=2023/month=07/day=01/campaign_sends_20230701.csv"": ""timestamp"", ""campaign_sends/year=2024/month=12/day=23/campaign_sends_20241223.csv"": ""timestamp"", ""campaign_sends/year=2026/month=06/day=17/campaign_sends_20260617.csv"": ""timestamp""}",timestamp,False,False,True,False,False,False,False,False,False,False,False,False
campaign_sends,click_count,15,True,decimal,5,4,"{""campaign_sends/year=2023/month=07/day=01/campaign_sends_20230701.csv"": ""decimal"", ""campaign_sends/year=2024/month=12/day=23/campaign_sends_20241223.csv"": ""decimal"", ""campaign_sends/year=2026/month=06/day=17/campaign_sends_20260617.csv"": ""decimal""}",decimal,False,False,False,False,False,False,False,False,False,False,False,False
campaign_sends,had_conversion,16,True,boolean,120,2,"{""campaign_sends/year=2023/month=07/day=01/campaign_sends_20230701.csv"": ""boolean"", ""campaign_sends/year=2024/month=12/day=23/campaign_sends_20241223.csv"": ""boolean"", ""campaign_sends/year=2026/month=06/day=17/campaign_sends_20260617.csv"": ""boolean""}",boolean,False,False,False,False,False,False,False,False,False,False,False,False
campaign_sends,conversion_date,17,True,timestamp,2,2,"{""campaign_sends/year=2023/month=07/day=01/campaign_sends_20230701.csv"": ""timestamp"", ""campaign_sends/year=2024/month=12/day=23/campaign_sends_20241223.csv"": ""timestamp"", ""campaign_sends/year=2026/month=06/day=17/campaign_sends_20260617.csv"": ""timestamp""}",timestamp,False,False,True,False,False,False,False,False,False,False,False,False
campaign_sends,conversion_value,18,True,decimal,2,2,"{""campaign_sends/year=2023/month=07/day=01/campaign_sends_20230701.csv"": ""string"", ""campaign_sends/year=2024/month=12/day=23/campaign_sends_20241223.csv"": ""decimal"", ""campaign_sends/year=2026/month=06/day=17/campaign_sends_20260617.csv"": ""decimal""}",decimal,False,False,False,False,False,False,False,False,False,False,False,False
campaign_sends,open_device,19,True,categorical,26,3,"{""campaign_sends/year=2023/month=07/day=01/campaign_sends_20230701.csv"": ""categorical"", ""campaign_sends/year=2024/month=12/day=23/campaign_sends_20241223.csv"": ""categorical"", ""campaign_sends/year=2026/month=06/day=17/campaign_sends_20260617.csv"": ""categorical""}",categorical,False,False,False,False,False,False,False,False,False,False,False,False
campaign_sends,open_country,20,True,categorical,28,3,"{""campaign_sends/year=2023/month=07/day=01/campaign_sends_20230701.csv"": ""categorical"", ""campaign_sends/year=2024/month=12/day=23/campaign_sends_20241223.csv"": ""categorical"", ""campaign_sends/year=2026/month=06/day=17/campaign_sends_20260617.csv"": ""categorical""}",categorical,False,False,False,False,False,False,False,False,False,False,False,False
campaign_sends,failure_reason,21,True,categorical,5,2,"{""campaign_sends/year=2023/month=07/day=01/campaign_sends_20230701.csv"": ""categorical"", ""campaign_sends/year=2024/month=12/day=23/campaign_sends_20241223.csv"": ""categorical"", ""campaign_sends/year=2026/month=06/day=17/campaign_sends_20260617.csv"": ""categorical""}",categorical,False,False,False,True,False,False,False,False,False,False,False,False
campaign_sends,send_cost,22,True,decimal,104,87,"{""campaign_sends/year=2023/month=07/day=01/campaign_sends_20230701.csv"": ""decimal"", ""campaign_sends/year=2024/month=12/day=23/campaign_sends_20241223.csv"": ""decimal"", ""campaign_sends/year=2026/month=06/day=17/campaign_sends_20260617.csv"": ""decimal""}",decimal,False,False,False,False,False,False,False,False,False,False,False,False
complaints,complaint_id,1,True,identifier,118,100,"{""complaints/year=2023/month=06/day=17/complaints_20230617.csv"": ""identifier"", ""complaints/year=2024/month=12/day=16/complaints_20241216.csv"": ""identifier"", ""complaints/year=2026/month=06/day=17/complaints_20260617.csv"": ""identifier""}",identifier,True,True,False,False,False,False,False,False,False,True,False,False
complaints,creation_date,2,True,timestamp,118,100,"{""complaints/year=2023/month=06/day=17/complaints_20230617.csv"": ""timestamp"", ""complaints/year=2024/month=12/day=16/complaints_20241216.csv"": ""timestamp"", ""complaints/year=2026/month=06/day=17/complaints_20260617.csv"": ""timestamp""}",timestamp,False,False,True,False,False,False,False,False,False,False,False,False
complaints,process_date,3,True,date,118,3,"{""complaints/year=2023/month=06/day=17/complaints_20230617.csv"": ""date"", ""complaints/year=2024/month=12/day=16/complaints_20241216.csv"": ""date"", ""complaints/year=2026/month=06/day=17/complaints_20260617.csv"": ""date""}",date,False,False,True,False,False,False,False,False,False,False,False,False
complaints,customer_id,4,True,identifier,118,100,"{""complaints/year=2023/month=06/day=17/complaints_20230617.csv"": ""identifier"", ""complaints/year=2024/month=12/day=16/complaints_20241216.csv"": ""identifier"", ""complaints/year=2026/month=06/day=17/complaints_20260617.csv"": ""identifier""}",identifier,True,True,False,False,False,False,True,False,False,False,False,False
complaints,case_type,5,True,categorical,118,4,"{""complaints/year=2023/month=06/day=17/complaints_20230617.csv"": ""categorical"", ""complaints/year=2024/month=12/day=16/complaints_20241216.csv"": ""categorical"", ""complaints/year=2026/month=06/day=17/complaints_20260617.csv"": ""categorical""}",categorical,False,False,False,True,False,False,False,False,False,False,False,False
complaints,category,6,True,categorical,118,5,"{""complaints/year=2023/month=06/day=17/complaints_20230617.csv"": ""categorical"", ""complaints/year=2024/month=12/day=16/complaints_20241216.csv"": ""categorical"", ""complaints/year=2026/month=06/day=17/complaints_20260617.csv"": ""categorical""}",categorical,False,False,False,True,False,False,False,False,False,False,False,False
complaints,subcategory,7,True,categorical,104,5,"{""complaints/year=2023/month=06/day=17/complaints_20230617.csv"": ""categorical"", ""complaints/year=2024/month=12/day=16/complaints_20241216.csv"": ""categorical"", ""complaints/year=2026/month=06/day=17/complaints_20260617.csv"": ""categorical""}",categorical,False,False,False,True,False,False,False,False,False,False,False,False
complaints,reception_channel,8,True,categorical,118,6,"{""complaints/year=2023/month=06/day=17/complaints_20230617.csv"": ""categorical"", ""complaints/year=2024/month=12/day=16/complaints_20241216.csv"": ""categorical"", ""complaints/year=2026/month=06/day=17/complaints_20260617.csv"": ""categorical""}",categorical,False,False,False,False,False,False,False,False,False,False,False,False
complaints,affected_product_id,9,True,identifier,80,80,"{""complaints/year=2023/month=06/day=17/complaints_20230617.csv"": ""identifier"", ""complaints/year=2024/month=12/day=16/complaints_20241216.csv"": ""identifier"", ""complaints/year=2026/month=06/day=17/complaints_20260617.csv"": ""identifier""}",identifier,True,True,False,False,False,False,False,False,False,False,False,True
complaints,related_branch_id,10,True,identifier,35,35,"{""complaints/year=2023/month=06/day=17/complaints_20230617.csv"": ""identifier"", ""complaints/year=2024/month=12/day=16/complaints_20241216.csv"": ""identifier"", ""complaints/year=2026/month=06/day=17/complaints_20260617.csv"": ""identifier""}",identifier,True,True,False,False,False,False,False,False,False,False,False,False
complaints,origin_interaction_id,11,True,identifier,0,0,"{""complaints/year=2023/month=06/day=17/complaints_20230617.csv"": ""identifier"", ""complaints/year=2024/month=12/day=16/complaints_20241216.csv"": ""identifier"", ""complaints/year=2026/month=06/day=17/complaints_20260617.csv"": ""identifier""}",identifier,True,True,False,False,False,False,False,False,True,False,False,False
complaints,description,12,True,string,118,5,"{""complaints/year=2023/month=06/day=17/complaints_20230617.csv"": ""string"", ""complaints/year=2024/month=12/day=16/complaints_20241216.csv"": ""string"", ""complaints/year=2026/month=06/day=17/complaints_20260617.csv"": ""string""}",string,False,False,False,False,True,False,False,False,False,False,False,False
complaints,claimed_amount,13,True,decimal,36,36,"{""complaints/year=2023/month=06/day=17/complaints_20230617.csv"": ""decimal"", ""complaints/year=2024/month=12/day=16/complaints_20241216.csv"": ""decimal"", ""complaints/year=2026/month=06/day=17/complaints_20260617.csv"": ""decimal""}",decimal,False,False,False,False,False,False,False,False,False,False,False,False
complaints,currency,14,True,categorical,37,4,"{""complaints/year=2023/month=06/day=17/complaints_20230617.csv"": ""categorical"", ""complaints/year=2024/month=12/day=16/complaints_20241216.csv"": ""categorical"", ""complaints/year=2026/month=06/day=17/complaints_20260617.csv"": ""categorical""}",categorical,False,False,False,False,False,False,False,False,False,False,False,False
complaints,priority,15,True,categorical,118,4,"{""complaints/year=2023/month=06/day=17/complaints_20230617.csv"": ""categorical"", ""complaints/year=2024/month=12/day=16/complaints_20241216.csv"": ""categorical"", ""complaints/year=2026/month=06/day=17/complaints_20260617.csv"": ""categorical""}",categorical,False,False,False,True,False,False,False,False,False,False,False,False
complaints,status,16,True,categorical,118,6,"{""complaints/year=2023/month=06/day=17/complaints_20230617.csv"": ""categorical"", ""complaints/year=2024/month=12/day=16/complaints_20241216.csv"": ""categorical"", ""complaints/year=2026/month=06/day=17/complaints_20260617.csv"": ""categorical""}",categorical,False,False,False,True,False,False,False,False,False,False,False,False
complaints,assigned_agent_id,17,True,identifier,72,71,"{""complaints/year=2023/month=06/day=17/complaints_20230617.csv"": ""identifier"", ""complaints/year=2024/month=12/day=16/complaints_20241216.csv"": ""identifier"", ""complaints/year=2026/month=06/day=17/complaints_20260617.csv"": ""identifier""}",identifier,True,True,False,False,False,False,False,False,False,False,True,False
complaints,assignment_date,18,True,timestamp,76,76,"{""complaints/year=2023/month=06/day=17/complaints_20230617.csv"": ""timestamp"", ""complaints/year=2024/month=12/day=16/complaints_20241216.csv"": ""timestamp"", ""complaints/year=2026/month=06/day=17/complaints_20260617.csv"": ""timestamp""}",timestamp,False,False,True,False,False,False,False,False,False,False,False,False
complaints,first_response_date,19,True,timestamp,67,67,"{""complaints/year=2023/month=06/day=17/complaints_20230617.csv"": ""timestamp"", ""complaints/year=2024/month=12/day=16/complaints_20241216.csv"": ""timestamp"", ""complaints/year=2026/month=06/day=17/complaints_20260617.csv"": ""timestamp""}",timestamp,False,False,True,False,False,False,False,False,False,False,False,False
complaints,resolution_date,20,True,timestamp,30,30,"{""complaints/year=2023/month=06/day=17/complaints_20230617.csv"": ""timestamp"", ""complaints/year=2024/month=12/day=16/complaints_20241216.csv"": ""timestamp"", ""complaints/year=2026/month=06/day=17/complaints_20260617.csv"": ""timestamp""}",timestamp,False,False,True,False,False,False,False,False,False,False,False,False
complaints,closing_date,21,True,timestamp,3,3,"{""complaints/year=2023/month=06/day=17/complaints_20230617.csv"": ""timestamp"", ""complaints/year=2024/month=12/day=16/complaints_20241216.csv"": ""timestamp"", ""complaints/year=2026/month=06/day=17/complaints_20260617.csv"": ""timestamp""}",timestamp,False,False,True,False,False,False,False,False,False,False,False,False
complaints,sla_breached,22,True,boolean,118,2,"{""complaints/year=2023/month=06/day=17/complaints_20230617.csv"": ""boolean"", ""complaints/year=2024/month=12/day=16/complaints_20241216.csv"": ""boolean"", ""complaints/year=2026/month=06/day=17/complaints_20260617.csv"": ""boolean""}",boolean,False,False,False,False,False,False,False,False,False,False,False,False
complaints,resolution_days,23,True,decimal,29,21,"{""complaints/year=2023/month=06/day=17/complaints_20230617.csv"": ""decimal"", ""complaints/year=2024/month=12/day=16/complaints_20241216.csv"": ""decimal"", ""complaints/year=2026/month=06/day=17/complaints_20260617.csv"": ""decimal""}",decimal,False,False,False,False,False,False,False,False,False,False,False,False
complaints,resolution,24,True,categorical,31,5,"{""complaints/year=2023/month=06/day=17/complaints_20230617.csv"": ""categorical"", ""complaints/year=2024/month=12/day=16/complaints_20241216.csv"": ""categorical"", ""complaints/year=2026/month=06/day=17/complaints_20260617.csv"": ""categorical""}",categorical,False,False,False,False,False,False,False,False,False,False,False,False
complaints,compensation_granted,25,True,decimal,10,10,"{""complaints/year=2023/month=06/day=17/complaints_20230617.csv"": ""decimal"", ""complaints/year=2024/month=12/day=16/complaints_20241216.csv"": ""string"", ""complaints/year=2026/month=06/day=17/complaints_20260617.csv"": ""decimal""}",decimal,False,False,False,False,False,False,False,False,False,False,False,False
complaints,resolution_satisfaction,26,True,decimal,4,3,"{""complaints/year=2023/month=06/day=17/complaints_20230617.csv"": ""decimal"", ""complaints/year=2024/month=12/day=16/complaints_20241216.csv"": ""decimal"", ""complaints/year=2026/month=06/day=17/complaints_20260617.csv"": ""decimal""}",decimal,False,False,False,False,False,False,False,False,False,False,False,False
complaints,is_repeat_complainer,27,True,boolean,118,2,"{""complaints/year=2023/month=06/day=17/complaints_20230617.csv"": ""boolean"", ""complaints/year=2024/month=12/day=16/complaints_20241216.csv"": ""boolean"", ""complaints/year=2026/month=06/day=17/complaints_20260617.csv"": ""boolean""}",boolean,False,False,False,False,False,False,False,False,False,False,False,False
digital_events,event_id,1,True,identifier,120,100,"{""digital_events/year=2023/month=06/day=17/digital_events_20230617.csv"": ""identifier"", ""digital_events/year=2024/month=12/day=16/digital_events_20241216.csv"": ""identifier"", ""digital_events/year=2026/month=06/day=17/digital_events_20260617.csv"": ""identifier""}",identifier,True,True,False,False,False,False,False,False,False,False,False,False
digital_events,event_date,2,True,timestamp,120,100,"{""digital_events/year=2023/month=06/day=17/digital_events_20230617.csv"": ""timestamp"", ""digital_events/year=2024/month=12/day=16/digital_events_20241216.csv"": ""timestamp"", ""digital_events/year=2026/month=06/day=17/digital_events_20260617.csv"": ""timestamp""}",timestamp,False,False,True,False,False,False,False,False,False,False,False,False
digital_events,process_date,3,True,date,120,3,"{""digital_events/year=2023/month=06/day=17/digital_events_20230617.csv"": ""date"", ""digital_events/year=2024/month=12/day=16/digital_events_20241216.csv"": ""date"", ""digital_events/year=2026/month=06/day=17/digital_events_20260617.csv"": ""date""}",date,False,False,True,False,False,False,False,False,False,False,False,False
digital_events,customer_id,4,True,identifier,93,10,"{""digital_events/year=2023/month=06/day=17/digital_events_20230617.csv"": ""identifier"", ""digital_events/year=2024/month=12/day=16/digital_events_20241216.csv"": ""identifier"", ""digital_events/year=2026/month=06/day=17/digital_events_20260617.csv"": ""identifier""}",identifier,True,True,False,False,False,False,True,False,False,False,False,False
digital_events,session_id,5,True,identifier,120,14,"{""digital_events/year=2023/month=06/day=17/digital_events_20230617.csv"": ""identifier"", ""digital_events/year=2024/month=12/day=16/digital_events_20241216.csv"": ""identifier"", ""digital_events/year=2026/month=06/day=17/digital_events_20260617.csv"": ""identifier""}",identifier,True,True,False,False,False,False,False,False,False,False,False,False
digital_events,event_type,6,True,categorical,120,6,"{""digital_events/year=2023/month=06/day=17/digital_events_20230617.csv"": ""categorical"", ""digital_events/year=2024/month=12/day=16/digital_events_20241216.csv"": ""categorical"", ""digital_events/year=2026/month=06/day=17/digital_events_20260617.csv"": ""categorical""}",categorical,False,False,False,True,False,False,False,False,False,False,False,False
digital_events,event_category,7,True,categorical,120,4,"{""digital_events/year=2023/month=06/day=17/digital_events_20230617.csv"": ""categorical"", ""digital_events/year=2024/month=12/day=16/digital_events_20241216.csv"": ""categorical"", ""digital_events/year=2026/month=06/day=17/digital_events_20260617.csv"": ""categorical""}",categorical,False,False,False,True,False,False,False,False,False,False,False,False
digital_events,channel,8,True,categorical,120,4,"{""digital_events/year=2023/month=06/day=17/digital_events_20230617.csv"": ""categorical"", ""digital_events/year=2024/month=12/day=16/digital_events_20241216.csv"": ""categorical"", ""digital_events/year=2026/month=06/day=17/digital_events_20260617.csv"": ""categorical""}",categorical,False,False,False,False,False,False,False,False,False,False,False,False
digital_events,platform,9,True,categorical,115,4,"{""digital_events/year=2023/month=06/day=17/digital_events_20230617.csv"": ""categorical"", ""digital_events/year=2024/month=12/day=16/digital_events_20241216.csv"": ""categorical"", ""digital_events/year=2026/month=06/day=17/digital_events_20260617.csv"": ""categorical""}",categorical,False,False,False,False,False,False,False,False,False,False,False,False
digital_events,browser,10,True,categorical,51,3,"{""digital_events/year=2023/month=06/day=17/digital_events_20230617.csv"": ""categorical"", ""digital_events/year=2024/month=12/day=16/digital_events_20241216.csv"": ""categorical"", ""digital_events/year=2026/month=06/day=17/digital_events_20260617.csv"": ""categorical""}",categorical,False,False,False,False,False,False,False,False,False,False,False,False
digital_events,app_version,11,True,categorical,62,8,"{""digital_events/year=2023/month=06/day=17/digital_events_20230617.csv"": ""categorical"", ""digital_events/year=2024/month=12/day=16/digital_events_20241216.csv"": ""categorical"", ""digital_events/year=2026/month=06/day=17/digital_events_20260617.csv"": ""categorical""}",categorical,False,False,False,False,False,False,False,False,False,False,False,False
digital_events,page_url,12,True,categorical,112,12,"{""digital_events/year=2023/month=06/day=17/digital_events_20230617.csv"": ""categorical"", ""digital_events/year=2024/month=12/day=16/digital_events_20241216.csv"": ""categorical"", ""digital_events/year=2026/month=06/day=17/digital_events_20260617.csv"": ""categorical""}",categorical,False,False,False,False,False,False,False,False,False,False,False,False
digital_events,page_title,13,True,categorical,115,12,"{""digital_events/year=2023/month=06/day=17/digital_events_20230617.csv"": ""categorical"", ""digital_events/year=2024/month=12/day=16/digital_events_20241216.csv"": ""categorical"", ""digital_events/year=2026/month=06/day=17/digital_events_20260617.csv"": ""categorical""}",categorical,False,False,False,False,False,False,False,False,False,False,False,False
digital_events,action,14,True,categorical,104,10,"{""digital_events/year=2023/month=06/day=17/digital_events_20230617.csv"": ""categorical"", ""digital_events/year=2024/month=12/day=16/digital_events_20241216.csv"": ""categorical"", ""digital_events/year=2026/month=06/day=17/digital_events_20260617.csv"": ""categorical""}",categorical,False,False,False,False,False,False,False,False,False,False,False,False
digital_events,element_id,15,True,identifier,102,12,"{""digital_events/year=2023/month=06/day=17/digital_events_20230617.csv"": ""identifier"", ""digital_events/year=2024/month=12/day=16/digital_events_20241216.csv"": ""identifier"", ""digital_events/year=2026/month=06/day=17/digital_events_20260617.csv"": ""identifier""}",identifier,True,True,False,False,False,False,False,False,False,False,False,False
digital_events,product_id,16,True,identifier,11,11,"{""digital_events/year=2023/month=06/day=17/digital_events_20230617.csv"": ""identifier"", ""digital_events/year=2024/month=12/day=16/digital_events_20241216.csv"": ""identifier"", ""digital_events/year=2026/month=06/day=17/digital_events_20260617.csv"": ""identifier""}",identifier,True,True,False,False,False,False,False,False,False,False,False,True
digital_events,event_value,17,True,decimal,4,4,"{""digital_events/year=2023/month=06/day=17/digital_events_20230617.csv"": ""decimal"", ""digital_events/year=2024/month=12/day=16/digital_events_20241216.csv"": ""decimal"", ""digital_events/year=2026/month=06/day=17/digital_events_20260617.csv"": ""string""}",decimal,False,False,False,False,False,False,False,False,False,False,False,False
digital_events,duration_seconds,18,True,decimal,45,42,"{""digital_events/year=2023/month=06/day=17/digital_events_20230617.csv"": ""decimal"", ""digital_events/year=2024/month=12/day=16/digital_events_20241216.csv"": ""decimal"", ""digital_events/year=2026/month=06/day=17/digital_events_20260617.csv"": ""decimal""}",decimal,False,False,False,False,False,False,False,False,False,False,False,False
digital_events,ip_address,19,True,categorical,115,14,"{""digital_events/year=2023/month=06/day=17/digital_events_20230617.csv"": ""categorical"", ""digital_events/year=2024/month=12/day=16/digital_events_20241216.csv"": ""categorical"", ""digital_events/year=2026/month=06/day=17/digital_events_20260617.csv"": ""categorical""}",categorical,False,False,False,False,False,False,False,False,False,False,False,False
digital_events,ip_country,20,True,categorical,120,4,"{""digital_events/year=2023/month=06/day=17/digital_events_20230617.csv"": ""categorical"", ""digital_events/year=2024/month=12/day=16/digital_events_20241216.csv"": ""categorical"", ""digital_events/year=2026/month=06/day=17/digital_events_20260617.csv"": ""categorical""}",categorical,False,False,False,False,False,False,False,False,False,False,False,False
digital_events,ip_city,21,True,categorical,89,6,"{""digital_events/year=2023/month=06/day=17/digital_events_20230617.csv"": ""categorical"", ""digital_events/year=2024/month=12/day=16/digital_events_20241216.csv"": ""categorical"", ""digital_events/year=2026/month=06/day=17/digital_events_20260617.csv"": ""categorical""}",categorical,False,False,False,False,False,False,False,False,False,False,False,False
digital_events,is_mobile,22,True,boolean,120,2,"{""digital_events/year=2023/month=06/day=17/digital_events_20230617.csv"": ""boolean"", ""digital_events/year=2024/month=12/day=16/digital_events_20241216.csv"": ""boolean"", ""digital_events/year=2026/month=06/day=17/digital_events_20260617.csv"": ""boolean""}",boolean,False,False,False,False,False,False,False,False,False,False,False,False
digital_events,referrer,23,True,categorical,11,4,"{""digital_events/year=2023/month=06/day=17/digital_events_20230617.csv"": ""categorical"", ""digital_events/year=2024/month=12/day=16/digital_events_20241216.csv"": ""categorical"", ""digital_events/year=2026/month=06/day=17/digital_events_20260617.csv"": ""categorical""}",categorical,False,False,False,False,False,False,False,False,False,False,False,False
digital_events,utm_source,24,True,categorical,7,3,"{""digital_events/year=2023/month=06/day=17/digital_events_20230617.csv"": ""categorical"", ""digital_events/year=2024/month=12/day=16/digital_events_20241216.csv"": ""categorical"", ""digital_events/year=2026/month=06/day=17/digital_events_20260617.csv"": ""categorical""}",categorical,False,False,False,False,False,False,False,False,False,False,False,False
digital_events,utm_medium,25,True,categorical,8,4,"{""digital_events/year=2023/month=06/day=17/digital_events_20230617.csv"": ""categorical"", ""digital_events/year=2024/month=12/day=16/digital_events_20241216.csv"": ""categorical"", ""digital_events/year=2026/month=06/day=17/digital_events_20260617.csv"": ""categorical""}",categorical,False,False,False,False,False,False,False,False,False,False,False,False
digital_events,utm_campaign,26,True,categorical,8,3,"{""digital_events/year=2023/month=06/day=17/digital_events_20230617.csv"": ""categorical"", ""digital_events/year=2024/month=12/day=16/digital_events_20241216.csv"": ""categorical"", ""digital_events/year=2026/month=06/day=17/digital_events_20260617.csv"": ""categorical""}",categorical,False,False,False,False,False,False,False,False,False,False,False,False
satisfaction_surveys,survey_id,1,True,identifier,120,100,"{""satisfaction_surveys/year=2023/month=06/day=17/satisfaction_surveys_20230617.csv"": ""identifier"", ""satisfaction_surveys/year=2024/month=12/day=16/satisfaction_surveys_20241216.csv"": ""identifier"", ""satisfaction_surveys/year=2026/month=06/day=17/satisfaction_surveys_20260617.csv"": ""identifier""}",identifier,True,True,False,False,False,False,False,False,False,False,False,False
satisfaction_surveys,survey_date,2,True,timestamp,120,100,"{""satisfaction_surveys/year=2023/month=06/day=17/satisfaction_surveys_20230617.csv"": ""timestamp"", ""satisfaction_surveys/year=2024/month=12/day=16/satisfaction_surveys_20241216.csv"": ""timestamp"", ""satisfaction_surveys/year=2026/month=06/day=17/satisfaction_surveys_20260617.csv"": ""timestamp""}",timestamp,False,False,True,False,False,False,False,False,False,False,False,False
satisfaction_surveys,process_date,3,True,date,120,3,"{""satisfaction_surveys/year=2023/month=06/day=17/satisfaction_surveys_20230617.csv"": ""date"", ""satisfaction_surveys/year=2024/month=12/day=16/satisfaction_surveys_20241216.csv"": ""date"", ""satisfaction_surveys/year=2026/month=06/day=17/satisfaction_surveys_20260617.csv"": ""date""}",date,False,False,True,False,False,False,False,False,False,False,False,False
satisfaction_surveys,interaction_id,4,True,identifier,120,100,"{""satisfaction_surveys/year=2023/month=06/day=17/satisfaction_surveys_20230617.csv"": ""identifier"", ""satisfaction_surveys/year=2024/month=12/day=16/satisfaction_surveys_20241216.csv"": ""identifier"", ""satisfaction_surveys/year=2026/month=06/day=17/satisfaction_surveys_20260617.csv"": ""identifier""}",identifier,True,True,False,False,False,False,False,False,True,False,False,False
satisfaction_surveys,customer_id,5,True,identifier,120,100,"{""satisfaction_surveys/year=2023/month=06/day=17/satisfaction_surveys_20230617.csv"": ""identifier"", ""satisfaction_surveys/year=2024/month=12/day=16/satisfaction_surveys_20241216.csv"": ""identifier"", ""satisfaction_surveys/year=2026/month=06/day=17/satisfaction_surveys_20260617.csv"": ""identifier""}",identifier,True,True,False,False,False,False,True,False,False,False,False,False
satisfaction_surveys,agent_id,6,True,identifier,120,100,"{""satisfaction_surveys/year=2023/month=06/day=17/satisfaction_surveys_20230617.csv"": ""identifier"", ""satisfaction_surveys/year=2024/month=12/day=16/satisfaction_surveys_20241216.csv"": ""identifier"", ""satisfaction_surveys/year=2026/month=06/day=17/satisfaction_surveys_20260617.csv"": ""identifier""}",identifier,True,True,False,False,False,False,False,False,False,False,True,False
satisfaction_surveys,survey_type,7,True,categorical,120,3,"{""satisfaction_surveys/year=2023/month=06/day=17/satisfaction_surveys_20230617.csv"": ""categorical"", ""satisfaction_surveys/year=2024/month=12/day=16/satisfaction_surveys_20241216.csv"": ""categorical"", ""satisfaction_surveys/year=2026/month=06/day=17/satisfaction_surveys_20260617.csv"": ""categorical""}",categorical,False,False,False,True,False,False,False,False,False,False,False,False
satisfaction_surveys,send_channel,8,True,categorical,120,5,"{""satisfaction_surveys/year=2023/month=06/day=17/satisfaction_surveys_20230617.csv"": ""categorical"", ""satisfaction_surveys/year=2024/month=12/day=16/satisfaction_surveys_20241216.csv"": ""categorical"", ""satisfaction_surveys/year=2026/month=06/day=17/satisfaction_surveys_20260617.csv"": ""categorical""}",categorical,False,False,False,False,False,False,False,False,False,False,False,False
satisfaction_surveys,main_score,9,True,integer,120,7,"{""satisfaction_surveys/year=2023/month=06/day=17/satisfaction_surveys_20230617.csv"": ""integer"", ""satisfaction_surveys/year=2024/month=12/day=16/satisfaction_surveys_20241216.csv"": ""integer"", ""satisfaction_surveys/year=2026/month=06/day=17/satisfaction_surveys_20260617.csv"": ""integer""}",integer,False,False,False,False,False,False,False,False,False,False,False,False
satisfaction_surveys,nps_category,10,True,categorical,32,2,"{""satisfaction_surveys/year=2023/month=06/day=17/satisfaction_surveys_20230617.csv"": ""categorical"", ""satisfaction_surveys/year=2024/month=12/day=16/satisfaction_surveys_20241216.csv"": ""categorical"", ""satisfaction_surveys/year=2026/month=06/day=17/satisfaction_surveys_20260617.csv"": ""categorical""}",categorical,False,False,False,True,False,False,False,False,False,False,False,False
satisfaction_surveys,question_1_text,11,True,string,68,3,"{""satisfaction_surveys/year=2023/month=06/day=17/satisfaction_surveys_20230617.csv"": ""string"", ""satisfaction_surveys/year=2024/month=12/day=16/satisfaction_surveys_20241216.csv"": ""string"", ""satisfaction_surveys/year=2026/month=06/day=17/satisfaction_surveys_20260617.csv"": ""string""}",string,False,False,False,False,True,False,False,False,False,False,False,False
satisfaction_surveys,question_1_response,12,True,decimal,67,5,"{""satisfaction_surveys/year=2023/month=06/day=17/satisfaction_surveys_20230617.csv"": ""decimal"", ""satisfaction_surveys/year=2024/month=12/day=16/satisfaction_surveys_20241216.csv"": ""decimal"", ""satisfaction_surveys/year=2026/month=06/day=17/satisfaction_surveys_20260617.csv"": ""decimal""}",decimal,False,False,False,False,False,False,False,False,False,False,False,False
satisfaction_surveys,question_2_text,13,True,string,48,1,"{""satisfaction_surveys/year=2023/month=06/day=17/satisfaction_surveys_20230617.csv"": ""string"", ""satisfaction_surveys/year=2024/month=12/day=16/satisfaction_surveys_20241216.csv"": ""string"", ""satisfaction_surveys/year=2026/month=06/day=17/satisfaction_surveys_20260617.csv"": ""string""}",string,False,False,False,False,True,False,False,False,False,False,False,False
satisfaction_surveys,question_2_response,14,True,decimal,46,5,"{""satisfaction_surveys/year=2023/month=06/day=17/satisfaction_surveys_20230617.csv"": ""decimal"", ""satisfaction_surveys/year=2024/month=12/day=16/satisfaction_surveys_20241216.csv"": ""decimal"", ""satisfaction_surveys/year=2026/month=06/day=17/satisfaction_surveys_20260617.csv"": ""decimal""}",decimal,False,False,False,False,False,False,False,False,False,False,False,False
satisfaction_surveys,question_3_text,15,True,string,22,1,"{""satisfaction_surveys/year=2023/month=06/day=17/satisfaction_surveys_20230617.csv"": ""string"", ""satisfaction_surveys/year=2024/month=12/day=16/satisfaction_surveys_20241216.csv"": ""string"", ""satisfaction_surveys/year=2026/month=06/day=17/satisfaction_surveys_20260617.csv"": ""string""}",string,False,False,False,False,True,False,False,False,False,False,False,False
satisfaction_surveys,question_3_response,16,True,decimal,18,4,"{""satisfaction_surveys/year=2023/month=06/day=17/satisfaction_surveys_20230617.csv"": ""decimal"", ""satisfaction_surveys/year=2024/month=12/day=16/satisfaction_surveys_20241216.csv"": ""decimal"", ""satisfaction_surveys/year=2026/month=06/day=17/satisfaction_surveys_20260617.csv"": ""decimal""}",decimal,False,False,False,False,False,False,False,False,False,False,False,False
satisfaction_surveys,open_comments,17,True,string,55,12,"{""satisfaction_surveys/year=2023/month=06/day=17/satisfaction_surveys_20230617.csv"": ""string"", ""satisfaction_surveys/year=2024/month=12/day=16/satisfaction_surveys_20241216.csv"": ""string"", ""satisfaction_surveys/year=2026/month=06/day=17/satisfaction_surveys_20260617.csv"": ""string""}",string,False,False,False,False,True,False,False,False,False,False,False,False
satisfaction_surveys,comment_sentiment,18,True,string,53,3,"{""satisfaction_surveys/year=2023/month=06/day=17/satisfaction_surveys_20230617.csv"": ""string"", ""satisfaction_surveys/year=2024/month=12/day=16/satisfaction_surveys_20241216.csv"": ""string"", ""satisfaction_surveys/year=2026/month=06/day=17/satisfaction_surveys_20260617.csv"": ""string""}",string,False,False,False,False,True,False,False,False,False,False,False,False
satisfaction_surveys,response_time_hours,19,True,timestamp,120,100,"{""satisfaction_surveys/year=2023/month=06/day=17/satisfaction_surveys_20230617.csv"": ""timestamp"", ""satisfaction_surveys/year=2024/month=12/day=16/satisfaction_surveys_20241216.csv"": ""timestamp"", ""satisfaction_surveys/year=2026/month=06/day=17/satisfaction_surveys_20260617.csv"": ""timestamp""}",timestamp,False,False,False,False,False,False,False,False,False,False,False,False
satisfaction_surveys,campaign_response_rate,20,True,decimal,101,98,"{""satisfaction_surveys/year=2023/month=06/day=17/satisfaction_surveys_20230617.csv"": ""decimal"", ""satisfaction_surveys/year=2024/month=12/day=16/satisfaction_surveys_20241216.csv"": ""decimal"", ""satisfaction_surveys/year=2026/month=06/day=17/satisfaction_surveys_20260617.csv"": ""decimal""}",decimal,False,False,False,False,False,False,False,False,False,False,False,False
transactions,transaction_id,1,True,identifier,120,100,"{""transactions/year=2023/month=06/day=17/transactions_20230617.csv"": ""identifier"", ""transactions/year=2024/month=12/day=16/transactions_20241216.csv"": ""identifier"", ""transactions/year=2026/month=06/day=17/transactions_20260617.csv"": ""identifier""}",identifier,True,True,False,False,False,False,False,True,False,False,False,False
transactions,transaction_date,2,True,timestamp,120,100,"{""transactions/year=2023/month=06/day=17/transactions_20230617.csv"": ""timestamp"", ""transactions/year=2024/month=12/day=16/transactions_20241216.csv"": ""timestamp"", ""transactions/year=2026/month=06/day=17/transactions_20260617.csv"": ""timestamp""}",timestamp,False,False,True,False,False,False,False,False,False,False,False,False
transactions,process_date,3,True,date,120,3,"{""transactions/year=2023/month=06/day=17/transactions_20230617.csv"": ""date"", ""transactions/year=2024/month=12/day=16/transactions_20241216.csv"": ""date"", ""transactions/year=2026/month=06/day=17/transactions_20260617.csv"": ""date""}",date,False,False,True,False,False,False,False,False,False,False,False,False
transactions,product_id,4,True,identifier,120,100,"{""transactions/year=2023/month=06/day=17/transactions_20230617.csv"": ""identifier"", ""transactions/year=2024/month=12/day=16/transactions_20241216.csv"": ""identifier"", ""transactions/year=2026/month=06/day=17/transactions_20260617.csv"": ""identifier""}",identifier,True,True,False,False,False,False,False,False,False,False,False,True
transactions,customer_id,5,True,identifier,120,100,"{""transactions/year=2023/month=06/day=17/transactions_20230617.csv"": ""identifier"", ""transactions/year=2024/month=12/day=16/transactions_20241216.csv"": ""identifier"", ""transactions/year=2026/month=06/day=17/transactions_20260617.csv"": ""identifier""}",identifier,True,True,False,False,False,False,True,False,False,False,False,False
transactions,transaction_type,6,True,categorical,120,6,"{""transactions/year=2023/month=06/day=17/transactions_20230617.csv"": ""categorical"", ""transactions/year=2024/month=12/day=16/transactions_20241216.csv"": ""categorical"", ""transactions/year=2026/month=06/day=17/transactions_20260617.csv"": ""categorical""}",categorical,False,False,False,True,False,False,False,False,False,False,False,False
transactions,transaction_category,7,True,categorical,44,6,"{""transactions/year=2023/month=06/day=17/transactions_20230617.csv"": ""categorical"", ""transactions/year=2024/month=12/day=16/transactions_20241216.csv"": ""categorical"", ""transactions/year=2026/month=06/day=17/transactions_20260617.csv"": ""categorical""}",categorical,False,False,False,True,False,False,False,False,False,False,False,False
transactions,amount,8,True,decimal,120,100,"{""transactions/year=2023/month=06/day=17/transactions_20230617.csv"": ""decimal"", ""transactions/year=2024/month=12/day=16/transactions_20241216.csv"": ""decimal"", ""transactions/year=2026/month=06/day=17/transactions_20260617.csv"": ""decimal""}",decimal,False,False,False,False,False,False,False,False,False,False,False,False
transactions,currency,9,True,categorical,120,3,"{""transactions/year=2023/month=06/day=17/transactions_20230617.csv"": ""categorical"", ""transactions/year=2024/month=12/day=16/transactions_20241216.csv"": ""categorical"", ""transactions/year=2026/month=06/day=17/transactions_20260617.csv"": ""categorical""}",categorical,False,False,False,False,False,False,False,False,False,False,False,False
transactions,amount_usd,10,True,decimal,58,58,"{""transactions/year=2023/month=06/day=17/transactions_20230617.csv"": ""decimal"", ""transactions/year=2024/month=12/day=16/transactions_20241216.csv"": ""decimal"", ""transactions/year=2026/month=06/day=17/transactions_20260617.csv"": ""decimal""}",decimal,False,False,False,False,False,False,False,False,False,False,False,False
transactions,channel,11,True,categorical,120,5,"{""transactions/year=2023/month=06/day=17/transactions_20230617.csv"": ""categorical"", ""transactions/year=2024/month=12/day=16/transactions_20241216.csv"": ""categorical"", ""transactions/year=2026/month=06/day=17/transactions_20260617.csv"": ""categorical""}",categorical,False,False,False,False,False,False,False,False,False,False,False,False
transactions,branch_id,12,True,identifier,45,44,"{""transactions/year=2023/month=06/day=17/transactions_20230617.csv"": ""identifier"", ""transactions/year=2024/month=12/day=16/transactions_20241216.csv"": ""identifier"", ""transactions/year=2026/month=06/day=17/transactions_20260617.csv"": ""identifier""}",identifier,True,True,False,False,False,False,False,False,False,False,False,False
transactions,merchant_name,13,True,categorical,23,16,"{""transactions/year=2023/month=06/day=17/transactions_20230617.csv"": ""categorical"", ""transactions/year=2024/month=12/day=16/transactions_20241216.csv"": ""categorical"", ""transactions/year=2026/month=06/day=17/transactions_20260617.csv"": ""categorical""}",categorical,False,False,False,False,False,False,False,False,False,False,False,False
transactions,merchant_category,14,True,categorical,22,6,"{""transactions/year=2023/month=06/day=17/transactions_20230617.csv"": ""categorical"", ""transactions/year=2024/month=12/day=16/transactions_20241216.csv"": ""categorical"", ""transactions/year=2026/month=06/day=17/transactions_20260617.csv"": ""categorical""}",categorical,False,False,False,True,False,False,False,False,False,False,False,False
transactions,transaction_country,15,True,categorical,120,7,"{""transactions/year=2023/month=06/day=17/transactions_20230617.csv"": ""categorical"", ""transactions/year=2024/month=12/day=16/transactions_20241216.csv"": ""categorical"", ""transactions/year=2026/month=06/day=17/transactions_20260617.csv"": ""categorical""}",categorical,False,False,False,False,False,False,False,False,False,False,False,False
transactions,transaction_city,16,True,categorical,100,20,"{""transactions/year=2023/month=06/day=17/transactions_20230617.csv"": ""categorical"", ""transactions/year=2024/month=12/day=16/transactions_20241216.csv"": ""categorical"", ""transactions/year=2026/month=06/day=17/transactions_20260617.csv"": ""categorical""}",categorical,False,False,False,False,False,False,False,False,False,False,False,False
transactions,transaction_status,17,True,categorical,120,3,"{""transactions/year=2023/month=06/day=17/transactions_20230617.csv"": ""categorical"", ""transactions/year=2024/month=12/day=16/transactions_20241216.csv"": ""categorical"", ""transactions/year=2026/month=06/day=17/transactions_20260617.csv"": ""categorical""}",categorical,False,False,False,True,False,False,False,False,False,False,False,False
transactions,response_code,18,True,integer,113,4,"{""transactions/year=2023/month=06/day=17/transactions_20230617.csv"": ""integer"", ""transactions/year=2024/month=12/day=16/transactions_20241216.csv"": ""integer"", ""transactions/year=2026/month=06/day=17/transactions_20260617.csv"": ""integer""}",integer,False,False,False,False,False,False,False,False,False,False,False,False
transactions,is_fraud,19,True,boolean,120,1,"{""transactions/year=2023/month=06/day=17/transactions_20230617.csv"": ""boolean"", ""transactions/year=2024/month=12/day=16/transactions_20241216.csv"": ""boolean"", ""transactions/year=2026/month=06/day=17/transactions_20260617.csv"": ""boolean""}",boolean,False,False,False,False,False,False,False,False,False,False,False,False
transactions,fraud_score,20,True,decimal,92,91,"{""transactions/year=2023/month=06/day=17/transactions_20230617.csv"": ""decimal"", ""transactions/year=2024/month=12/day=16/transactions_20241216.csv"": ""decimal"", ""transactions/year=2026/month=06/day=17/transactions_20260617.csv"": ""decimal""}",decimal,False,False,False,False,False,False,False,False,False,False,False,False
transactions,latitude,21,True,decimal,16,16,"{""transactions/year=2023/month=06/day=17/transactions_20230617.csv"": ""decimal"", ""transactions/year=2024/month=12/day=16/transactions_20241216.csv"": ""decimal"", ""transactions/year=2026/month=06/day=17/transactions_20260617.csv"": ""decimal""}",decimal,False,False,False,False,False,False,False,False,False,False,False,False
transactions,longitude,22,True,decimal,14,14,"{""transactions/year=2023/month=06/day=17/transactions_20230617.csv"": ""decimal"", ""transactions/year=2024/month=12/day=16/transactions_20241216.csv"": ""decimal"", ""transactions/year=2026/month=06/day=17/transactions_20260617.csv"": ""decimal""}",decimal,False,False,False,False,False,False,False,False,False,False,False,False
