dataset,metric,value,unit,evidence_status
customers,row_count,150000,rows,EXACT
customers,minimum_relevant_date,UNKNOWN,timestamp,UNKNOWN
customers,maximum_relevant_date,UNKNOWN,timestamp,UNKNOWN
customers,malformed_relevant_dates,UNKNOWN,rows,UNKNOWN
products,row_count,400000,rows,EXACT
products,minimum_relevant_date,UNKNOWN,timestamp,UNKNOWN
products,maximum_relevant_date,UNKNOWN,timestamp,UNKNOWN
products,malformed_relevant_dates,UNKNOWN,rows,UNKNOWN
service_agents,row_count,1200,rows,EXACT
service_agents,minimum_relevant_date,UNKNOWN,timestamp,UNKNOWN
service_agents,maximum_relevant_date,UNKNOWN,timestamp,UNKNOWN
service_agents,malformed_relevant_dates,UNKNOWN,rows,UNKNOWN
transactions,row_count,4425008,rows,EXACT
transactions,minimum_relevant_date,2023-06-17 06:01:30,timestamp,EXACT
transactions,maximum_relevant_date,2026-06-18 05:59:41,timestamp,EXACT
transactions,malformed_relevant_dates,0,rows,EXACT
call_center_interactions,row_count,686296,rows,EXACT
call_center_interactions,minimum_relevant_date,2023-06-17 08:03:26,timestamp,EXACT
call_center_interactions,maximum_relevant_date,2026-06-18 07:58:13,timestamp,EXACT
call_center_interactions,malformed_relevant_dates,0,rows,EXACT
call_transcripts,row_count,171321,rows,EXACT
call_transcripts,minimum_relevant_date,2023-06-17 00:00:00,timestamp,EXACT
call_transcripts,maximum_relevant_date,2026-06-17 00:00:00,timestamp,EXACT
call_transcripts,malformed_relevant_dates,0,rows,EXACT
complaints,row_count,67095,rows,EXACT
complaints,minimum_relevant_date,2023-06-17 08:07:05,timestamp,EXACT
complaints,maximum_relevant_date,2026-06-18 07:56:52,timestamp,EXACT
complaints,malformed_relevant_dates,0,rows,EXACT
satisfaction_surveys,row_count,212759,rows,EXACT
satisfaction_surveys,minimum_relevant_date,2023-06-17 09:29:20,timestamp,EXACT
satisfaction_surveys,maximum_relevant_date,2026-06-19 06:54:58,timestamp,EXACT
satisfaction_surveys,malformed_relevant_dates,0,rows,EXACT
customers,null_count,0,,EXACT
customers,empty_count,0,,EXACT
customers,null_count,0,,EXACT
customers,empty_count,0,,EXACT
customers,null_count,0,,EXACT
customers,empty_count,0,,EXACT
customers,null_count,0,,EXACT
customers,empty_count,0,,EXACT
customers,null_count,44817,,EXACT
customers,empty_count,0,,EXACT
products,null_count,0,,EXACT
products,empty_count,0,,EXACT
products,null_count,0,,EXACT
products,empty_count,0,,EXACT
products,null_count,0,,EXACT
products,empty_count,0,,EXACT
products,null_count,0,,EXACT
products,empty_count,0,,EXACT
products,null_count,0,,EXACT
products,empty_count,0,,EXACT
service_agents,null_count,0,,EXACT
service_agents,empty_count,0,,EXACT
service_agents,null_count,367,,EXACT
service_agents,empty_count,0,,EXACT
service_agents,null_count,0,,EXACT
service_agents,empty_count,0,,EXACT
service_agents,null_count,0,,EXACT
service_agents,empty_count,0,,EXACT
service_agents,null_count,476,,EXACT
service_agents,empty_count,0,,EXACT
transactions,null_count,0,,EXACT
transactions,empty_count,0,,EXACT
transactions,null_count,0,,EXACT
transactions,empty_count,0,,EXACT
transactions,null_count,0,,EXACT
transactions,empty_count,0,,EXACT
transactions,null_count,0,,EXACT
transactions,empty_count,0,,EXACT
transactions,null_count,0,,EXACT
transactions,empty_count,0,,EXACT
transactions,null_count,0,,EXACT
transactions,empty_count,0,,EXACT
transactions,null_count,2693520,,EXACT
transactions,empty_count,0,,EXACT
transactions,null_count,0,,EXACT
transactions,empty_count,0,,EXACT
transactions,null_count,0,,EXACT
transactions,empty_count,0,,EXACT
transactions,null_count,0,,EXACT
transactions,empty_count,0,,EXACT
transactions,null_count,221033,,EXACT
transactions,empty_count,0,,EXACT
transactions,null_count,0,,EXACT
transactions,empty_count,0,,EXACT
transactions,null_count,885157,,EXACT
transactions,empty_count,0,,EXACT
call_center_interactions,null_count,0,,EXACT
call_center_interactions,empty_count,0,,EXACT
call_center_interactions,null_count,0,,EXACT
call_center_interactions,empty_count,0,,EXACT
call_center_interactions,null_count,0,,EXACT
call_center_interactions,empty_count,0,,EXACT
call_center_interactions,null_count,0,,EXACT
call_center_interactions,empty_count,0,,EXACT
call_center_interactions,null_count,0,,EXACT
call_center_interactions,empty_count,0,,EXACT
call_center_interactions,null_count,0,,EXACT
call_center_interactions,empty_count,0,,EXACT
call_center_interactions,null_count,0,,EXACT
call_center_interactions,empty_count,0,,EXACT
call_center_interactions,null_count,0,,EXACT
call_center_interactions,empty_count,0,,EXACT
call_center_interactions,null_count,0,,EXACT
call_center_interactions,empty_count,0,,EXACT
call_center_interactions,null_count,96234,,EXACT
call_center_interactions,empty_count,0,,EXACT
call_center_interactions,null_count,205618,,EXACT
call_center_interactions,empty_count,0,,EXACT
call_center_interactions,null_count,0,,EXACT
call_center_interactions,empty_count,0,,EXACT
call_center_interactions,null_count,0,,EXACT
call_center_interactions,empty_count,0,,EXACT
call_center_interactions,null_count,0,,EXACT
call_center_interactions,empty_count,0,,EXACT
call_center_interactions,null_count,0,,EXACT
call_center_interactions,empty_count,0,,EXACT
call_center_interactions,null_count,0,,EXACT
call_center_interactions,empty_count,0,,EXACT
call_center_interactions,null_count,411955,,EXACT
call_center_interactions,empty_count,0,,EXACT
call_center_interactions,null_count,0,,EXACT
call_center_interactions,empty_count,0,,EXACT
call_transcripts,null_count,0,,EXACT
call_transcripts,empty_count,0,,EXACT
call_transcripts,null_count,0,,EXACT
call_transcripts,empty_count,0,,EXACT
call_transcripts,null_count,0,,EXACT
call_transcripts,empty_count,0,,EXACT
call_transcripts,null_count,0,,EXACT
call_transcripts,empty_count,0,,EXACT
call_transcripts,null_count,0,,EXACT
call_transcripts,empty_count,0,,EXACT
call_transcripts,null_count,0,,EXACT
call_transcripts,empty_count,0,,EXACT
call_transcripts,null_count,63083,,EXACT
call_transcripts,empty_count,0,,EXACT
call_transcripts,null_count,17141,,EXACT
call_transcripts,empty_count,0,,EXACT
call_transcripts,null_count,8457,,EXACT
call_transcripts,empty_count,0,,EXACT
call_transcripts,null_count,0,,EXACT
call_transcripts,empty_count,0,,EXACT
call_transcripts,null_count,24029,,EXACT
call_transcripts,empty_count,0,,EXACT
call_transcripts,null_count,0,,EXACT
call_transcripts,empty_count,0,,EXACT
call_transcripts,null_count,8638,,EXACT
call_transcripts,empty_count,0,,EXACT
complaints,null_count,0,,EXACT
complaints,empty_count,0,,EXACT
complaints,null_count,0,,EXACT
complaints,empty_count,0,,EXACT
complaints,null_count,0,,EXACT
complaints,empty_count,0,,EXACT
complaints,null_count,0,,EXACT
complaints,empty_count,0,,EXACT
complaints,null_count,0,,EXACT
complaints,empty_count,0,,EXACT
complaints,null_count,0,,EXACT
complaints,empty_count,0,,EXACT
complaints,null_count,6698,,EXACT
complaints,empty_count,0,,EXACT
complaints,null_count,0,,EXACT
complaints,empty_count,0,,EXACT
complaints,null_count,22525,,EXACT
complaints,empty_count,0,,EXACT
complaints,null_count,47917,,EXACT
complaints,empty_count,0,,EXACT
complaints,null_count,67095,,EXACT
complaints,empty_count,0,,EXACT
complaints,null_count,0,,EXACT
complaints,empty_count,0,,EXACT
complaints,null_count,0,,EXACT
complaints,empty_count,0,,EXACT
complaints,null_count,23115,,EXACT
complaints,empty_count,0,,EXACT
complaints,null_count,23128,,EXACT
complaints,empty_count,0,,EXACT
complaints,null_count,26242,,EXACT
complaints,empty_count,0,,EXACT
complaints,null_count,51746,,EXACT
complaints,empty_count,0,,EXACT
complaints,null_count,64614,,EXACT
complaints,empty_count,0,,EXACT
complaints,null_count,0,,EXACT
complaints,empty_count,0,,EXACT
complaints,null_count,51732,,EXACT
complaints,empty_count,0,,EXACT
complaints,null_count,51785,,EXACT
complaints,empty_count,0,,EXACT
complaints,null_count,62454,,EXACT
complaints,empty_count,0,,EXACT
complaints,null_count,64611,,EXACT
complaints,empty_count,0,,EXACT
complaints,null_count,0,,EXACT
complaints,empty_count,0,,EXACT
satisfaction_surveys,null_count,0,,EXACT
satisfaction_surveys,empty_count,0,,EXACT
satisfaction_surveys,null_count,0,,EXACT
satisfaction_surveys,empty_count,0,,EXACT
satisfaction_surveys,null_count,0,,EXACT
satisfaction_surveys,empty_count,0,,EXACT
satisfaction_surveys,null_count,0,,EXACT
satisfaction_surveys,empty_count,0,,EXACT
satisfaction_surveys,null_count,0,,EXACT
satisfaction_surveys,empty_count,0,,EXACT
satisfaction_surveys,null_count,0,,EXACT
satisfaction_surveys,empty_count,0,,EXACT
satisfaction_surveys,null_count,0,,EXACT
satisfaction_surveys,empty_count,0,,EXACT
satisfaction_surveys,null_count,152365,,EXACT
satisfaction_surveys,empty_count,0,,EXACT
satisfaction_surveys,null_count,111502,,EXACT
satisfaction_surveys,empty_count,0,,EXACT
customers,,,,EXACT
products,,,,EXACT
service_agents,,,,EXACT
transactions,,,,EXACT
call_center_interactions,,,,EXACT
call_transcripts,,,,EXACT
complaints,,,,EXACT
satisfaction_surveys,,,,EXACT
transactions,event_min,2023-06-17 06:01:30,,EXACT
transactions,event_max,2026-06-18 05:59:41,,EXACT
transactions,distinct_event_dates,1098,,EXACT
transactions,partition_dates_represented,1097,,EXACT
transactions,missing_partition_dates,0,,EXACT
transactions,future_timestamps,0,,EXACT
transactions,malformed_timestamps,0,,EXACT
transactions,event_process_lag,"{'rows_with_both_dates': 4425008, 'negative_lag_rows': 4425008, 'minimum_lag_seconds': -108000, 'maximum_lag_seconds': -21600}",,EXACT
transactions,partition_aligned_rows,3318701,,EXACT
transactions,partition_mismatched_rows,1106307,,EXACT
transactions,partition_mismatch_rate_pct,25.001243,,EXACT
call_center_interactions,event_min,2023-06-17 08:03:26,,EXACT
call_center_interactions,event_max,2026-06-18 07:58:13,,EXACT
call_center_interactions,distinct_event_dates,1098,,EXACT
call_center_interactions,partition_dates_represented,1097,,EXACT
call_center_interactions,missing_partition_dates,0,,EXACT
call_center_interactions,future_timestamps,0,,EXACT
call_center_interactions,malformed_timestamps,0,,EXACT
call_center_interactions,event_process_lag,"{'rows_with_both_dates': 686296, 'negative_lag_rows': 686296, 'minimum_lag_seconds': -115200, 'maximum_lag_seconds': -28800}",,EXACT
call_center_interactions,partition_aligned_rows,457978,,EXACT
call_center_interactions,partition_mismatched_rows,228318,,EXACT
call_center_interactions,partition_mismatch_rate_pct,33.268153,,EXACT
call_transcripts,event_min,2023-06-17 00:00:00,,EXACT
call_transcripts,event_max,2026-06-17 00:00:00,,EXACT
call_transcripts,distinct_event_dates,1097,,EXACT
call_transcripts,partition_dates_represented,1097,,EXACT
call_transcripts,missing_partition_dates,0,,EXACT
call_transcripts,future_timestamps,0,,EXACT
call_transcripts,malformed_timestamps,0,,EXACT
call_transcripts,event_process_lag,"{'rows_with_both_dates': 171321, 'negative_lag_rows': 0, 'minimum_lag_seconds': 0, 'maximum_lag_seconds': 0}",,EXACT
call_transcripts,partition_aligned_rows,171321,,EXACT
call_transcripts,partition_mismatched_rows,0,,EXACT
call_transcripts,partition_mismatch_rate_pct,0.0,,EXACT
complaints,event_min,2023-06-17 08:07:05,,EXACT
complaints,event_max,2026-06-18 07:56:52,,EXACT
complaints,distinct_event_dates,1098,,EXACT
complaints,partition_dates_represented,1097,,EXACT
complaints,missing_partition_dates,0,,EXACT
complaints,future_timestamps,0,,EXACT
complaints,malformed_timestamps,0,,EXACT
complaints,event_process_lag,"{'rows_with_both_dates': 67095, 'negative_lag_rows': 67095, 'minimum_lag_seconds': -115200, 'maximum_lag_seconds': -28801}",,EXACT
complaints,partition_aligned_rows,44510,,EXACT
complaints,partition_mismatched_rows,22585,,EXACT
complaints,partition_mismatch_rate_pct,33.661227,,EXACT
satisfaction_surveys,event_min,2023-06-17 09:29:20,,EXACT
satisfaction_surveys,event_max,2026-06-19 06:54:58,,EXACT
satisfaction_surveys,distinct_event_dates,1099,,EXACT
satisfaction_surveys,partition_dates_represented,1097,,EXACT
satisfaction_surveys,missing_partition_dates,0,,EXACT
satisfaction_surveys,future_timestamps,0,,EXACT
satisfaction_surveys,malformed_timestamps,0,,EXACT
satisfaction_surveys,event_process_lag,"{'rows_with_both_dates': 212759, 'negative_lag_rows': 212759, 'minimum_lag_seconds': -201307, 'maximum_lag_seconds': -32967}",,EXACT
satisfaction_surveys,partition_aligned_rows,43667,,EXACT
satisfaction_surveys,partition_mismatched_rows,169092,,EXACT
satisfaction_surveys,partition_mismatch_rate_pct,79.475839,,EXACT
