column_name,column_type,null,key,default,extra
transaction_id,VARCHAR,YES,,,
transaction_date,TIMESTAMP,YES,,,
process_date,DATE,YES,,,
product_id,VARCHAR,YES,,,
customer_id,VARCHAR,YES,,,
transaction_type,VARCHAR,YES,,,
transaction_category,VARCHAR,YES,,,
amount,DOUBLE,YES,,,
currency,VARCHAR,YES,,,
amount_usd,DOUBLE,YES,,,
channel,VARCHAR,YES,,,
branch_id,VARCHAR,YES,,,
merchant_name,VARCHAR,YES,,,
merchant_category,VARCHAR,YES,,,
transaction_country,VARCHAR,YES,,,
transaction_city,VARCHAR,YES,,,
transaction_status,VARCHAR,YES,,,
response_code,VARCHAR,YES,,,
is_fraud,BOOLEAN,YES,,,
fraud_score,DOUBLE,YES,,,
latitude,DOUBLE,YES,,,
longitude,DOUBLE,YES,,,
day,VARCHAR,YES,,,
month,VARCHAR,YES,,,
year,BIGINT,YES,,,
