bytes,candidate_primary_key,column_names,columns,duplicate_key_rate,duplicate_row_count,event_like,file_format,logical_name,max_timestamp,min_timestamp,partition_columns,partition_coverage,physical_path_pattern,rows
89529,branch_id,"[""branch_id"", ""branch_code"", ""branch_name"", ""branch_type"", ""address"", ""city"", ""state"", ""country"", ""postal_code"", ""geographic_zone"", ""phone"", ""email"", ""opening_time"", ""closing_time"", ""has_atms"", ""atm_count"", ""has_teller_windows"", ""teller_window_count"", ""latitude"", ""longitude"", ""branch_opening_date"", ""branch_status""]",22,0.0,0,False,CSV,branches,2023-05-11T00:00:00,1990-01-03T00:00:00,,[],C:\Users\anali\OneDrive\Desktop\Senior\Factored_hackton\data\**\branches*.csv,350
139734950,interaction_id,"[""interaction_id"", ""interaction_date"", ""process_date"", ""customer_id"", ""agent_id"", ""interaction_type"", ""channel"", ""contact_reason"", ""reason_category"", ""duration_seconds"", ""wait_time_seconds"", ""was_resolved"", ""requires_followup"", ""detected_sentiment"", ""sentiment_score"", ""customer_detected_accent"", ""agent_used_accent"", ""was_escalated"", ""mentioned_products"", ""has_transcript"", ""has_recording""]",21,0.0,1223059,True,CSV,call_center_interactions,2026-06-18T07:58:13,2023-06-17T00:00:00,"year,month,day","[""2023-06-01"", ""2023-07-01"", ""2023-08-01"", ""2023-09-01"", ""2023-10-01"", ""2023-11-01"", ""2023-12-01"", ""2024-01-01"", ""2024-02-01"", ""2024-03-01"", ""2024-04-01"", ""2024-05-01"", ""2024-06-01"", ""2024-07-01"", ""2024-08-01"", ""2024-09-01"", ""2024-10-01"", ""2024-11-01"", ""2024-12-01"", ""2025-01-01"", ""2025-02-01"", ""2025-03-01"", ""2025-04-01"", ""2025-05-01"", ""2025-06-01"", ""2025-07-01"", ""2025-08-01"", ""2025-09-01"", ""2025-10-01"", ""2025-11-01"", ""2025-12-01"", ""2026-01-01"", ""2026-02-01"", ""2026-03-01"", ""2026-04-01"", ""2026-05-01"", ""2026-06-01""]",C:\Users\anali\OneDrive\Desktop\Senior\Factored_hackton\data\**\call_center_interactions*.csv,686296
137235657,"transcript_id,interaction_id","[""transcript_id"", ""interaction_id"", ""process_date"", ""customer_id"", ""agent_id"", ""full_text"", ""customer_text"", ""agent_text"", ""detected_language"", ""detected_accent"", ""accent_confidence"", ""detected_keywords"", ""mentioned_entities"", ""detected_intents"", ""main_topics"", ""transcription_model"", ""audio_quality"", ""duration_seconds""]",18,0.0,239601,True,CSV,call_transcripts,2026-06-17T00:00:00,2023-06-17T00:00:00,"year,month,day","[""2023-06-01"", ""2023-07-01"", ""2023-08-01"", ""2023-09-01"", ""2023-10-01"", ""2023-11-01"", ""2023-12-01"", ""2024-01-01"", ""2024-02-01"", ""2024-03-01"", ""2024-04-01"", ""2024-05-01"", ""2024-06-01"", ""2024-07-01"", ""2024-08-01"", ""2024-09-01"", ""2024-10-01"", ""2024-11-01"", ""2024-12-01"", ""2025-01-01"", ""2025-02-01"", ""2025-03-01"", ""2025-04-01"", ""2025-05-01"", ""2025-06-01"", ""2025-07-01"", ""2025-08-01"", ""2025-09-01"", ""2025-10-01"", ""2025-11-01"", ""2025-12-01"", ""2026-01-01"", ""2026-02-01"", ""2026-03-01"", ""2026-04-01"", ""2026-05-01"", ""2026-06-01""]",C:\Users\anali\OneDrive\Desktop\Senior\Factored_hackton\data\**\call_transcripts*.csv,171321
325976325,send_id,"[""send_id"", ""send_date"", ""process_date"", ""campaign_id"", ""customer_id"", ""send_channel"", ""template_used"", ""subject"", ""send_status"", ""was_delivered"", ""was_opened"", ""open_date"", ""was_clicked"", ""click_date"", ""click_count"", ""had_conversion"", ""conversion_date"", ""conversion_value"", ""open_device"", ""open_country"", ""failure_reason"", ""send_cost""]",22,0.0,3343427,True,CSV,campaign_sends,2026-06-26T08:26:49,2023-07-01T00:00:00,"year,month,day","[""2023-07-01"", ""2023-08-01"", ""2023-09-01"", ""2023-10-01"", ""2023-11-01"", ""2023-12-01"", ""2024-01-01"", ""2024-02-01"", ""2024-03-01"", ""2024-04-01"", ""2024-05-01"", ""2024-06-01"", ""2024-07-01"", ""2024-08-01"", ""2024-09-01"", ""2024-10-01"", ""2024-11-01"", ""2024-12-01"", ""2025-01-01"", ""2025-02-01"", ""2025-03-01"", ""2025-04-01"", ""2025-05-01"", ""2025-06-01"", ""2025-07-01"", ""2025-08-01"", ""2025-09-01"", ""2025-10-01"", ""2025-11-01"", ""2025-12-01"", ""2026-01-01"", ""2026-02-01"", ""2026-03-01"", ""2026-04-01"", ""2026-05-01"", ""2026-06-01""]",C:\Users\anali\OneDrive\Desktop\Senior\Factored_hackton\data\**\campaign_sends*.csv,1746801
17990612,complaint_id,"[""complaint_id"", ""creation_date"", ""process_date"", ""customer_id"", ""case_type"", ""category"", ""subcategory"", ""reception_channel"", ""affected_product_id"", ""related_branch_id"", ""origin_interaction_id"", ""description"", ""claimed_amount"", ""currency"", ""priority"", ""status"", ""assigned_agent_id"", ""assignment_date"", ""first_response_date"", ""resolution_date"", ""closing_date"", ""sla_breached"", ""resolution_days"", ""resolution"", ""compensation_granted"", ""resolution_satisfaction"", ""is_repeat_complainer""]",27,0.0,76944,True,CSV,complaints,2026-07-18T22:15:16,2023-06-17T00:00:00,"year,month,day","[""2023-06-01"", ""2023-07-01"", ""2023-08-01"", ""2023-09-01"", ""2023-10-01"", ""2023-11-01"", ""2023-12-01"", ""2024-01-01"", ""2024-02-01"", ""2024-03-01"", ""2024-04-01"", ""2024-05-01"", ""2024-06-01"", ""2024-07-01"", ""2024-08-01"", ""2024-09-01"", ""2024-10-01"", ""2024-11-01"", ""2024-12-01"", ""2025-01-01"", ""2025-02-01"", ""2025-03-01"", ""2025-04-01"", ""2025-05-01"", ""2025-06-01"", ""2025-07-01"", ""2025-08-01"", ""2025-09-01"", ""2025-10-01"", ""2025-11-01"", ""2025-12-01"", ""2026-01-01"", ""2026-02-01"", ""2026-03-01"", ""2026-04-01"", ""2026-05-01"", ""2026-06-01""]",C:\Users\anali\OneDrive\Desktop\Senior\Factored_hackton\data\**\complaints*.csv,67095
46897358,"customer_id,registration_branch_id","[""customer_id"", ""document_number"", ""document_type"", ""first_name"", ""last_name"", ""date_of_birth"", ""gender"", ""email"", ""mobile_phone"", ""landline_phone"", ""address"", ""city"", ""state"", ""country"", ""postal_code"", ""detected_accent"", ""segment"", ""credit_score"", ""estimated_monthly_income"", ""occupation"", ""marital_status"", ""education_level"", ""registration_date"", ""registration_branch_id"", ""customer_status"", ""last_updated"", ""accepts_marketing""]",27,0.0,0,False,CSV,customers,2027-06-15T19:35:27,1942-07-07T00:00:00,,[],C:\Users\anali\OneDrive\Desktop\Senior\Factored_hackton\data\**\customers*.csv,150000
778914,,"[""date"", ""source_currency"", ""target_currency"", ""exchange_rate"", ""buy_rate"", ""sell_rate"", ""source""]",7,,0,False,CSV,daily_exchange_rates,2026-06-17T00:00:00,2023-06-17T00:00:00,,[],C:\Users\anali\OneDrive\Desktop\Senior\Factored_hackton\data\**\daily_exchange_rates*.csv,13164
3757355051,event_id,"[""event_id"", ""event_date"", ""process_date"", ""customer_id"", ""session_id"", ""event_type"", ""event_category"", ""channel"", ""platform"", ""browser"", ""app_version"", ""page_url"", ""page_title"", ""action"", ""element_id"", ""product_id"", ""event_value"", ""duration_seconds"", ""ip_address"", ""ip_country"", ""ip_city"", ""is_mobile"", ""referrer"", ""utm_source"", ""utm_medium"", ""utm_campaign""]",26,0.0,39838119,True,CSV,digital_events,2026-06-18T06:04:05,2023-06-17T00:00:00,"year,month,day","[""2023-06-01"", ""2023-07-01"", ""2023-08-01"", ""2023-09-01"", ""2023-10-01"", ""2023-11-01"", ""2023-12-01"", ""2024-01-01"", ""2024-02-01"", ""2024-03-01"", ""2024-04-01"", ""2024-05-01"", ""2024-06-01"", ""2024-07-01"", ""2024-08-01"", ""2024-09-01"", ""2024-10-01"", ""2024-11-01"", ""2024-12-01"", ""2025-01-01"", ""2025-02-01"", ""2025-03-01"", ""2025-04-01"", ""2025-05-01"", ""2025-06-01"", ""2025-07-01"", ""2025-08-01"", ""2025-09-01"", ""2025-10-01"", ""2025-11-01"", ""2025-12-01"", ""2026-01-01"", ""2026-02-01"", ""2026-03-01"", ""2026-04-01"", ""2026-05-01"", ""2026-06-01""]",C:\Users\anali\OneDrive\Desktop\Senior\Factored_hackton\data\**\digital_events*.csv,15620994
32710,campaign_id,"[""campaign_id"", ""campaign_name"", ""description"", ""campaign_type"", ""campaign_objective"", ""promoted_product"", ""target_segment"", ""target_country"", ""start_date"", ""end_date"", ""budget"", ""campaign_status"", ""expected_conversion_rate""]",13,0.0,0,False,CSV,marketing_campaigns,2026-08-20T00:00:00,2023-07-01T00:00:00,,[],C:\Users\anali\OneDrive\Desktop\Senior\Factored_hackton\data\**\marketing_campaigns*.csv,200
68213646,product_id,"[""product_id"", ""customer_id"", ""product_type"", ""product_number"", ""currency"", ""current_balance"", ""credit_limit"", ""interest_rate"", ""opening_date"", ""expiration_date"", ""opening_branch_id"", ""product_status"", ""opening_channel"", ""has_linked_app"", ""days_past_due"", ""last_transaction_date"", ""last_updated""]",17,0.0,660072,False,CSV,products,2031-06-16T00:00:00,2018-06-18T00:00:00,,[],C:\Users\anali\OneDrive\Desktop\Senior\Factored_hackton\data\**\products*.csv,400000
46446098,"survey_id,interaction_id","[""survey_id"", ""survey_date"", ""process_date"", ""interaction_id"", ""customer_id"", ""agent_id"", ""survey_type"", ""send_channel"", ""main_score"", ""nps_category"", ""question_1_text"", ""question_1_response"", ""question_2_text"", ""question_2_response"", ""question_3_text"", ""question_3_response"", ""open_comments"", ""comment_sentiment"", ""response_time_hours"", ""campaign_response_rate""]",20,0.0,310788,True,CSV,satisfaction_surveys,2026-06-19T06:54:58,2023-06-17T00:00:00,"year,month,day","[""2023-06-01"", ""2023-07-01"", ""2023-08-01"", ""2023-09-01"", ""2023-10-01"", ""2023-11-01"", ""2023-12-01"", ""2024-01-01"", ""2024-02-01"", ""2024-03-01"", ""2024-04-01"", ""2024-05-01"", ""2024-06-01"", ""2024-07-01"", ""2024-08-01"", ""2024-09-01"", ""2024-10-01"", ""2024-11-01"", ""2024-12-01"", ""2025-01-01"", ""2025-02-01"", ""2025-03-01"", ""2025-04-01"", ""2025-05-01"", ""2025-06-01"", ""2025-07-01"", ""2025-08-01"", ""2025-09-01"", ""2025-10-01"", ""2025-11-01"", ""2025-12-01"", ""2026-01-01"", ""2026-02-01"", ""2026-03-01"", ""2026-04-01"", ""2026-05-01"", ""2026-06-01""]",C:\Users\anali\OneDrive\Desktop\Senior\Factored_hackton\data\**\satisfaction_surveys*.csv,212759
237992,agent_id,"[""agent_id"", ""employee_code"", ""first_name"", ""last_name"", ""email"", ""phone"", ""native_accent"", ""country_of_origin"", ""assigned_branch_id"", ""agent_type"", ""experience_level"", ""languages"", ""specialty"", ""hire_date"", ""avg_csat"", ""total_monthly_interactions"", ""agent_status"", ""work_shift""]",18,0.0,0,False,CSV,service_agents,2026-03-17T00:00:00,2013-06-20T00:00:00,,[],C:\Users\anali\OneDrive\Desktop\Senior\Factored_hackton\data\**\service_agents*.csv,1200
808333639,transaction_id,"[""transaction_id"", ""transaction_date"", ""process_date"", ""product_id"", ""customer_id"", ""transaction_type"", ""transaction_category"", ""amount"", ""currency"", ""amount_usd"", ""channel"", ""branch_id"", ""merchant_name"", ""merchant_category"", ""transaction_country"", ""transaction_city"", ""transaction_status"", ""response_code"", ""is_fraud"", ""fraud_score"", ""latitude"", ""longitude""]",22,0.0,9763120,True,CSV,transactions,2026-06-18T05:59:41,2023-06-17T00:00:00,"year,month,day","[""2023-06-01"", ""2023-07-01"", ""2023-08-01"", ""2023-09-01"", ""2023-10-01"", ""2023-11-01"", ""2023-12-01"", ""2024-01-01"", ""2024-02-01"", ""2024-03-01"", ""2024-04-01"", ""2024-05-01"", ""2024-06-01"", ""2024-07-01"", ""2024-08-01"", ""2024-09-01"", ""2024-10-01"", ""2024-11-01"", ""2024-12-01"", ""2025-01-01"", ""2025-02-01"", ""2025-03-01"", ""2025-04-01"", ""2025-05-01"", ""2025-06-01"", ""2025-07-01"", ""2025-08-01"", ""2025-09-01"", ""2025-10-01"", ""2025-11-01"", ""2025-12-01"", ""2026-01-01"", ""2026-02-01"", ""2026-03-01"", ""2026-04-01"", ""2026-05-01"", ""2026-06-01""]",C:\Users\anali\OneDrive\Desktop\Senior\Factored_hackton\data\**\transactions*.csv,4425008
